Iteration,Function,Gradient,Alpha
1,8056.740068717371,1268.3568265638417,0.001
2,12.96392049306059,5.091966127202589,0.010000132132439594
3,12.705932920028337,5.041018333636245,0.010000162800373778
4,1.4581203980750757e-05,0.005400289685588858,0.9989287437729178
5,3.5675975406997124e-08,0.002671178594066564,0.99999999999971
6,0.0003479209748294249,0.26378816305112135,0.9975347295649524
7,1.6703981718891335e-35,4.3536088652292665e-17,0.009999999999999998
