Iteration,Function,Gradient,Alpha
1,12630.293073402156,1579.0684465295537,0.001
2,161.37700089054903,17.966129341315792,0.010001061319199877
3,158.16504312579977,17.78567081254106,0.0100013076510608
4,0.011534203147726092,0.1518979447404558,0.9914603885542198
5,0.0002266763855889261,0.2129208235889229,0.9999999998497151
6,2.1351696139938063,20.664799123116616,0.9805391316263767
7,9.669704112710437e-26,4.3980062412930684e-13,0.009999999999999998
