Iteration,Function,Gradient,Alpha
1,4644.142169538313,963.1960433590659,0.001
2,5.354988418900451,3.2726226645932255,0.010000094641828576
3,5.248422505760458,3.2398834873373032,0.010000116608194418
4,3.091929685177513e-06,0.0024867587009371334,0.999232461143003
5,5.418583409865569e-09,0.001041017138174542,0.9999999999998934
6,5.291812361322486e-05,0.10287674529574199,0.9982329648879724
7,2.458425659266017e-36,2.1688997538940288e-17,0.009999999999999998
