Iteration,Function,Gradient,Alpha
1,434.35150931730533,286.8085165899598,0.001
2,22.825199813571135,6.757755997131631,0.010004552245771658
3,22.370641365602044,6.688892489531439,0.010005608816029247
4,0.028380483878992863,0.23834701001454733,0.9643820588055471
5,0.0023923064746903962,0.6917089669348507,0.9999999881407109
6,19.880280049554916,63.05597521179879,0.9215969031197736
7,2.404751471147587e-20,2.1930579087443046e-10,0.009999999999999997
