Iteration,Function,Gradient,Alpha
1,11574.7567395262,1505.0710647807882,0.001
2,246.07604118366038,22.186104780795322,0.010001781560568636
3,241.1777062098858,21.962591204664363,0.010002195059859787
4,0.04898407599600905,0.31305079051981,0.985748579679287
5,0.001615949924142015,0.5684980077611557,0.9999999992891472
6,14.823253025795818,54.448605171842225,0.9677624622867251
7,2.521197667532447e-23,7.100991154590338e-12,0.009999999999999998
