Iteration,Function,Gradient,Alpha
1,825.36696818434,403.3483045122409,0.001
2,11.798500632383604,4.857908905414108,0.010001189267540742
3,11.563664964570227,4.809088263817722,0.010001465296128406
4,0.0010566645114251417,0.04597607112611671,0.9904408269708366
5,2.3269620491274027e-05,0.0682196753015932,0.9999999997885461
6,0.21815211776016777,6.605332962995397,0.9782445619674676
7,2.1916615738357592e-26,2.0936842681588866e-13,0.010000000000000002
