Iteration,Function,Gradient,Alpha
1,13364.047583966916,1634.8438767473097,0.001
2,0.4703265016631582,0.9698727873326983,0.01000000288533258
3,0.46096699987906636,0.9601739424490402,0.010000003555018278
4,2.5278374160352197e-10,2.2484833911996968e-05,0.9999765825474017
5,1.3505730724071587e-14,1.6435163962718222e-06,1.0
6,2.5280867412073107e-10,2.2545587643859255e-05,-2.2485333334667373e-05
7,1.3295957167098595e-10,0.00016307027414244388,0.9999775151699304
8,1.335581854339578e-10,0.00016343695133440612,-2.248583893625103e-05
9,1.2526732516291797e-19,5.005343647825308e-10,0.010000000000095578
