Iteration,Function,Gradient,Alpha
1,2462.0327200604625,701.1592496970022,0.001
2,3.8721397530598742,2.7828691450656846,0.010000129143788505
3,3.7950825502384764,2.7550254264665095,0.010000159118057
4,4.160614193413872e-06,0.002884688785309683,0.9989529484678659
5,9.949562553663254e-09,0.0014106425878771174,0.9999999999997292
6,9.704153697333507e-05,0.1393137013888692,0.9975903548220746
7,1.1139814193718371e-35,4.340809463786611e-17,0.009999999999999997
