Iteration,Function,Gradient,Alpha
1,941.5188140616089,422.0699276954107,0.001
2,50.29537814446039,10.031379362401417,0.010004631895649149
3,49.29374460991311,9.929123286179022,0.010005706952432003
4,0.06466255091575542,0.3597737386443863,0.9637816541855194
5,0.005546038599120966,1.0531893086355326,0.9999999875072527
6,45.96061448519111,95.87555943533378,0.9203354795686836
7,6.277189291554761e-20,3.543215853304667e-10,0.01
