Iteration,Function,Gradient,Alpha
1,320.35499564314944,239.12501353670822,0.001
2,34.10622291229976,8.262363825303387,0.010009791792287665
3,33.42642603248815,8.176359345324762,0.010012064439582129
4,0.18091294410403877,0.6020702252668928,0.926432528210968
5,0.0328020554488948,2.561329945512382,0.9999998819747362
6,0.8454872973501104,13.003747900894636,0.06076951496888583
7,2.178844898848563e-15,6.601280025644456e-08,0.010000000000000007
