Iteration,Function,Gradient,Alpha
1,4011.6366067955246,895.081381926499,0.001
2,5.725372578587283,3.38391105905925,0.010000117174711423
3,5.6114354886028535,3.350055369274623,0.010000144370957982
4,5.06542696335837e-06,0.0031829351171274436,0.9990498963345087
5,1.099063975458055e-08,0.0014826084954957294,0.9999999999997978
6,0.00010724390346446031,0.1464540224537792,0.9978131880312098
7,3.321658704958055e-36,2.1728761592312202e-17,0.010000000000000002
