Iteration,Function,Gradient,Alpha
1,6071.349789243133,1099.665777416469,0.001
2,24.775412355967017,7.039330633096254,0.010000335943699798
3,24.282354657604884,6.968838448063787,0.010000413916199926
4,0.0001795326867787257,0.018949615710262213,0.9972808934354116
5,1.1168194536599234e-06,0.01494536351956635,0.9999999999952337
6,0.010808311094605337,1.4702592352782782,0.9937560882031586
7,1.5584378471636439e-31,5.58289861481228e-16,0.01
