Iteration,Function,Gradient,Alpha
1,24.13879310488225,69.29697992100317,0.001
2,0.12715154801403583,0.50429362213889,0.01000043417556919
3,0.12462105317173781,0.49924153106838104,0.010000534947664359
4,1.536543229562805e-06,0.001753093272129882,0.996488630722649
5,1.2353302241351151e-08,0.0015718334670919278,0.999999999989711
6,0.00011911255985624289,0.1543454306782309,0.9919451863675333
7,1.0345904274446558e-32,1.454555062959761e-16,0.009999999999999998
