Iteration,Function,Gradient,Alpha
1,8293.634329096893,1287.7868679121827,0.001
2,1.6426507969079767,1.812541288991324,0.010000016240783885
3,1.6099619595312482,1.7944146452429819,0.010000020010269743
4,2.796546602565851e-08,0.000236497572826231,0.9998682037005096
5,8.410118380384755e-12,4.101248195460683e-05,0.9999999999999994
6,8.237700963505254e-08,0.004058990259536294,0.9996963231898129
7,2.2958882339997227e-39,6.776263590283777e-19,0.01
