Iteration,Function,Gradient,Alpha
1,22.396287647486066,43.98576820288262,0.001
2,12.593687771508081,5.040684654182268,0.01010816689977778
3,12.338656395838568,4.9676304275898335,0.010133269057629004
4,12.171532099209164,4.93386949882307,0.006795468455403687
5,0.00019987742828404115,0.19978604943548023,0.9998408776199633
6,1.9559127155545526,19.778335195635414,0.9999834329369437
7,4.5713885000120487e-10,0.0003023702260234808,0.010000152879513243
8,8.125301308751094e-17,1.2747785147821636e-08,0.009999999999999998
