Iteration,Function,Gradient,Alpha
1,2556.9418542139742,715.0035359357479,0.001
2,0.7836564651109327,1.251924968765381,0.010000025133880487
3,0.768061637578771,1.2394044033960594,0.010000030967453978
4,3.194804854769642e-08,0.00025277736741230645,0.9997960498070225
5,1.4868834915109173e-11,5.453225635366498e-05,0.999999999999998
6,1.4559114841584818e-07,0.005396130992032128,0.9995301153570307
7,2.575541014374798e-44,2.2695995304788013e-22,0.01
