Iteration,Function,Gradient,Alpha
1,26679.113252704392,2309.481439812734,0.001
2,10.484741616165596,4.579250821690468,0.010000032231414688
3,10.276094162049132,4.533452142032412,0.010000039712325734
4,7.028545570509207e-07,0.001185629616943932,0.9997384717054761
5,4.1948640227661493e-10,0.0002896502726657149,0.9999999999999957
6,4.106383536575814e-06,0.02865792573294799,0.9993975057990736
7,1.4694161165710793e-37,5.4210117511554824e-18,0.009999999999999998
