Iteration,Function,Gradient,Alpha
1,22585.89182806816,2124.5425538784866,0.001
2,17.31164544007713,5.884170935543622,0.01000006288683355
3,16.967140165178343,5.825313753812467,0.01000007748286647
4,4.415588577666516e-06,0.0029717471345256856,0.9994898593266859
5,5.141873315295536e-09,0.0010140880943286471,0.9999999999999688
6,5.027596105670514e-05,0.10027558133135418,0.9988251513073847
7,5.826025016045371e-39,1.0794466189715331e-19,0.01
