Iteration,Function,Gradient,Alpha
1,239.08613778552436,217.70162372635718,0.001
2,2.0949895680237667,2.047004062911657,0.010000724847437423
3,2.0532943508763535,2.0264719839550396,0.010000893084375887
4,7.022754228732224e-05,0.011852178153150702,0.9941517243881643
5,9.42598769134843e-07,0.013730249590847524,0.9999999999521243
6,0.008990482183020362,1.3409311826503523,0.9866254967019727
7,2.822061820339705e-29,7.51472076231854e-15,0.01
