Iteration,Function,Gradient,Alpha
1,2163.0683536940387,657.1668105328832,0.001
2,3.6899960500346203,2.7166295322231377,0.010000140097725653
3,3.616563452104567,2.6894473231891265,0.010000172614402109
4,4.665192150915466e-06,0.003054607797403887,0.9988642397469519
5,1.2102459419821296e-08,0.0015557930080715297,0.9999999999996543
6,0.00011799076396374207,0.15361690269221162,0.9973865089715642
7,3.732681040412058e-36,2.732281479061796e-18,0.01
