Iteration,Function,Gradient,Alpha
1,53.66877838222841,92.81861426783885,0.001
2,10.486127746466234,4.5832641357111195,0.010020006702710197
3,10.276773450229578,4.533602001431669,0.010024650142788725
4,10.097573082999977,4.493900996817443,0.008757050599267516
5,1.5825394132627974e-07,0.005625723225007566,0.9999989932352225
6,0.0015509465195276838,0.5569464102636238,0.999999984170211
7,6.358583427892451e-16,3.566113690803356e-07,0.01000000640297455
