Iteration,Function,Gradient,Alpha
1,1034.6280218055772,431.2515214044895,0.001
2,103.69012260488006,14.406050406731048,0.010009152086158594
3,101.62361159411843,14.256480048879842,0.010011276261161032
4,0.48519482746570963,0.9859263529858538,0.930903346535819
5,0.08222535372965933,4.0552522419611545,0.9999999036286661
6,2.4087326891178633,21.948725198142416,0.06412419225376677
7,3.868220524708938e-15,8.795704093145784e-08,0.010000000000000007
