Iteration,Function,Gradient,Alpha
1,1375.4129458396856,520.4966120169441,0.001
2,20.621006034488317,6.422319691737753,0.010001248218005482
3,20.21056453964204,6.357761326078772,0.010001537928954486
4,0.0020324800617274345,0.06376448198335334,0.989971790171523
5,4.697743792770392e-05,0.09693032335415365,0.999999999755517
6,0.43945441890192477,9.375013801610372,0.9771910169284124
7,6.19447724682248e-26,3.519821751269438e-13,0.009999999999999998
