Iteration,Function,Gradient,Alpha
1,6298.783835464937,1117.527076386365,0.001
2,53.90545735082734,10.383501720528448,0.010000707788957213
3,52.832615014794236,10.279359417280611,0.01000087206662948
4,0.0017234292022454654,0.058713837547704005,0.9942885631431975
5,2.258759681665321e-05,0.06721249410139934,0.9999999999554253
6,0.21557695885837005,6.566231169527464,0.9869360975686153
7,5.727868745345384e-28,3.3874480360796976e-14,0.010000000000000002
