Iteration,Function,Gradient,Alpha
1,14892.073422592337,1715.9654807214847,0.001
2,167.69172179334302,18.314171136390204,0.010000933886127049
3,164.35414865025137,18.130314318864947,0.010001150640845205
4,0.009299367867988467,0.13638909221521145,0.9924779538201006
5,0.0001608125959365422,0.17933911783910514,0.9999999998976097
6,1.5219440966535982,17.446742370159527,0.9828352955216356
7,2.8152277455246995e-26,2.3728580848945433e-13,0.01
