Iteration,Function,Gradient,Alpha
1,6018.714690440275,1097.0013091069345,0.001
2,1.6387761894237591,1.8104028055859263,0.010000022328286987
3,1.6061644245870559,1.7922970873083826,0.010000027510682267
4,5.2729050793724966e-08,0.00032474380981586725,0.9998188117767128
5,2.180110057413802e-11,6.603196282731269e-05,0.9999999999999987
6,2.134924251585719e-07,0.0065344077797237585,0.999582544564455
7,1.6062057007759365e-44,1.7923201169299732e-22,0.01
