Iteration,Function,Gradient,Alpha
1,152.9712600949247,127.0432355206757,0.001
2,71.54232914448751,11.997350251896066,0.010073343461713683
3,70.10162177737226,11.840747996115121,0.010090364925355503
4,69.08722400134918,11.754763001375496,0.00726155760894838
5,0.00025832662336375663,0.22722601806210227,0.9999503939614919
6,2.530173702083545,22.495215945100615,0.9999962252152595
7,1.0754440668655853e-10,0.00014665906336539693,0.01000006519566814
8,2.326976177914361e-18,2.1573021011969376e-09,0.01
