Iteration,Function,Gradient,Alpha
1,209.5810752084432,131.69733648841594,0.001
2,121.6145019872131,15.669449838200721,0.01011664058547636
3,119.1483788419144,15.436878999134846,0.010143708935538618
4,117.55482786623432,15.33328755401569,0.0067097556821898415
5,0.002551995030936132,0.7137733657862739,0.9998004780783585
6,24.965132795851,70.66135124076102,0.9999781036107869
7,8.258139867464017e-09,0.0012851566200580604,0.010000181875465978
8,2.1552980398440596e-15,6.565512988097822e-08,0.01
