Iteration,Function,Gradient,Alpha
1,5581.195618205641,1056.3772686671766,0.001
2,1.5156398872839645,1.741058658805248,0.010000022269372542
3,1.4854785440659806,1.7236464510252563,0.010000027438093747
4,4.8510070413675014e-08,0.0003114812112229739,0.9998192897645678
5,2.0003820252857514e-11,6.325159326508308e-05,0.9999999999999987
6,1.9589256913229616e-07,0.006259274225216469,0.999583645582536
7,9.183565593242095e-39,1.3552527273961525e-18,0.009999999999999998
