Iteration,Function,Gradient,Alpha
1,16532.780708672388,1809.3663350318482,0.001
2,162.11039856132953,18.006725527573334,0.010000811989958855
3,158.88397473930158,17.82604693920716,0.01000100045263785
4,0.0068096996332299275,0.11671104370160473,0.9934532825584688
5,0.00010238854515881251,0.14310034602251143,0.999999999932698
6,0.9734147292273961,13.952883065713667,0.9850418816959889
7,6.764104217166313e-27,1.163436079761686e-13,0.010000000000000002
