Iteration,Function,Gradient,Alpha
1,610.1535542638333,349.29106884279656,0.001
2,0.13097739037840142,0.5118155478274902,0.010000017602370884
3,0.12837093283294598,0.5066970156473116,0.010000021687881071
4,2.619339617396803e-09,7.237884001888768e-05,0.9998571558200829
5,8.537604634841648e-13,1.3067214419945551e-05,0.9999999999999993
6,8.362143499690995e-09,0.0012932241491474706,0.999670872143582
7,1.4349311874888456e-40,1.6940659037173348e-19,0.009999999999999998
