Iteration,Function,Gradient,Alpha
1,1585.9310657987673,551.911404345822,0.001
2,62.270823160239466,11.161341409558748,0.010003353329279829
3,61.030956583063656,11.048163339302757,0.010004131633757496
4,0.04282131346944521,0.2927393769696707,0.9735117340657417
5,0.002658936514712608,0.7292374804839102,0.99999999525967
6,23.04739617832877,67.89314571932688,0.9410155818413789
7,3.28109929827357e-21,8.100739840623905e-11,0.01
