Iteration,Function,Gradient,Alpha
1,4084.2757504974,884.044150831797,0.001
2,174.83862273859464,18.70244356559676,0.010003669753714833
3,171.35725335785258,18.51254997932477,0.010004521499661953
4,0.1432663146970808,0.5354711043854777,0.9710852598987142
5,0.00973537464106928,1.395376267611663,0.9999999937871459
6,83.44435490986625,129.18541319349197,0.9358105945474244
7,2.233163366430909e-20,2.113368586326717e-10,0.010000000000000002
