Iteration,Function,Gradient,Alpha
1,4433.231758397251,939.389674027663,0.001
2,20.75728083743908,6.443280317918067,0.010000385699094276
3,20.344184984605246,6.37874360428552,0.010000475219811095
4,0.0001981089482094204,0.01990594082804528,0.9968794457302138
5,1.4148996245379402e-06,0.016822007160490333,0.999999999992787
6,0.013667513876889083,1.6533308124443264,0.9928380149114945
7,5.181692817588409e-31,1.0180071529796251e-15,0.01
