Iteration,Function,Gradient,Alpha
1,7648.003024387347,1227.1400285025825,0.001
2,117.45319851982366,15.32745194785676,0.010001279071081538
3,115.11539266129314,15.173357747156427,0.01000157594300698
4,0.012149889449441299,0.15590250913579856,0.9897264878516634
5,0.00028776606962756734,0.2399025092105405,0.9999999997369361
6,2.6888686608287586,23.189948947027712,0.9766405334125129
7,4.49666045847244e-25,9.483472984222642e-13,0.009999999999999998
