Iteration,Function,Gradient,Alpha
1,6506.4425961651905,1135.6969818726668,0.001
2,56.83032947365259,10.661487891441828,0.010000722508870763
3,55.69927275567463,10.554550938405768,0.010000890203028875
4,0.0018928468835654826,0.061532149012484924,0.9941704815201051
5,2.5323950699946364e-05,0.07116733899752943,0.999999999952586
6,0.24156023020562303,6.950686731620452,0.9866680656504165
7,7.412834196728881e-28,3.850411457683161e-14,0.01
