Iteration,Function,Gradient,Alpha
1,7021.98096191174,1184.7687707785572,0.001
2,3.55980306487538,2.6682635098272973,0.010000041582430542
3,3.4889625038289496,2.6415762354431305,0.010000051233712177
4,3.971258397998092e-07,0.0008912114547074076,0.9996626226636952
5,3.0578140272554583e-10,0.00024729795903951404,0.999999999999991
6,2.9922601221066623e-06,0.024463279101979204,0.9992228466823045
7,1.469558457307091e-37,5.421014376877545e-18,0.009999999999999998
