Iteration,Function,Gradient,Alpha
1,2509.9853780102003,653.2971780834292,0.001
2,372.23296877349514,27.300760740689643,0.010014325735405519
3,364.808239333653,27.011413909013548,0.01001765067931177
4,358.2407524363036,26.76717214980597,0.00904216678661129
5,1.2247342032249508e-06,0.015650468060110407,0.9999996303888736
6,0.012003140179922786,1.5493960229665484,0.9999999965468563
7,1.8786522731073892e-15,6.129685592437549e-07,0.01000000395617744
