Iteration,Function,Gradient,Alpha
1,503.56371943251173,317.23076470678694,0.001
2,0.3830597310469574,0.8752847210312409,0.010000062412003644
3,0.37543676486548916,0.866529589645373,0.010000076897828563
4,9.623585871115558e-08,0.0004387185478939595,0.9994937091975001
5,1.1121877172649417e-10,0.00014914340195026676,0.9999999999999694
6,1.0874890337677978e-06,0.014747806845546885,0.998834011608819
7,3.685461683846296e-38,2.7105498573886865e-18,0.009999999999999998
