Iteration,Function,Gradient,Alpha
1,1395.8408640700345,525.671846208773,0.001
2,14.044536390729371,5.300091775103682,0.010000833435373543
3,13.765012155833624,5.246906165702535,0.010001026875523096
4,0.0006213200233248163,0.035253847419725225,0.9932815508666242
5,9.588706558495404e-06,0.04379202337982433,0.9999999999272232
6,0.09108776150559478,4.26820246721251,0.9846529476824626
7,7.59666191323666e-28,3.898472842419924e-14,0.01
