Iteration,Function,Gradient,Alpha
1,203.0803529787931,194.63046168485076,0.001
2,13.538421899382342,5.2047796489773885,0.010005864251599437
3,13.268749829788012,5.151456072442426,0.010007225334461977
4,0.027364477704808057,0.2340704701602736,0.95458742032292
5,0.0029714646238633013,0.7709039659858138,0.9999999746474844
6,23.603346561788854,68.70712708560714,0.901254035744207
7,1.6808678449844507e-19,5.798047681064006e-10,0.010000000000000002
