Iteration,Function,Gradient,Alpha
1,837.8301079677674,406.04908350655927,0.001
2,13.316287544928462,5.160953210506738,0.010001324483739011
3,13.051236224284192,5.109057882686849,0.010001631895908112
4,0.0014759600143040767,0.05433830432430975,0.9893656505473029
5,3.6198767519367867e-05,0.08508674105801428,0.9999999997079096
6,0.3376730799596161,8.217944754737843,0.9758314153946314
7,7.209095452791441e-26,3.7971544046361053e-13,0.01
