Iteration,Function,Gradient,Alpha
1,3262.60559437266,796.5444037392325,0.001
2,89.2885047635621,13.364522515541887,0.010002308071915043
3,87.51099517606809,13.229587686501857,0.010002843773867709
4,0.029579534855466383,0.24327887070802293,0.9816150094095805
5,0.001264191486941901,0.502830286864644,0.999999998454295
6,11.376523013810928,47.700153068540416,0.9586332529007093
7,1.1852659382750599e-22,1.5396532666861792e-11,0.009999999999999998
