Iteration,Function,Gradient,Alpha
1,8420.621831999655,1295.5994771776304,0.001
2,27.454478789783675,7.410138511307778,0.010000268185341157
3,26.90811078355375,7.335954032510618,0.01000033043113806
4,0.00012692705439848912,0.015933199382642475,0.9978281221948888
5,6.303216179839418e-07,0.011227836995467488,0.9999999999975752
6,0.006115651029072676,1.1059521715763911,0.9950091090767061
7,1.822113802163253e-32,1.9089860147016547e-16,0.01
