Iteration,Function,Gradient,Alpha
1,5929.969007190877,1088.2011762379768,0.001
2,8.969405951512984,4.235444808271299,0.010000124194071475
3,8.790911160476634,4.193068365881161,0.010000153019510996
4,8.913740702510465e-06,0.004222309264772385,0.9989930381856656
5,2.049905690836716e-08,0.002024799096620065,0.9999999999997593
6,0.00019997172513283766,0.19998586206671592,0.9976824935399575
7,2.719806729772443e-36,2.3322978925396485e-18,0.01
