Iteration,Function,Gradient,Alpha
1,3927.0662302915243,881.168280975978,0.001
2,44.33069814692474,9.41637581163898,0.01000093623825194
3,43.44838265350825,9.321843450042815,0.01000115353889701
4,0.002470669580859375,0.07030081411632239,0.9924591527673645
5,4.2832533089751446e-05,0.09255542457333492,0.9999999998968342
6,0.40533533763467766,9.00372520276666,0.9827928151453393
7,7.630907307829878e-27,1.2353871707144994e-13,0.01
