Iteration,Function,Gradient,Alpha
1,3218.354115055866,796.7864488221607,0.001
2,43.57072216147113,9.33538451671033,0.010001125435581532
3,42.703505763646284,9.24159139582819,0.010001386648814123
4,0.0034981422273542588,0.0836525982434487,0.9909492096579623
5,7.290053945383862e-05,0.12074811754544136,0.9999999998207997
6,0.6850558286081737,11.70517687699057,0.979387938705176
7,4.677648951003086e-26,3.0586743156260795e-13,0.010000000000000002
