Iteration,Function,Gradient,Alpha
1,15171.193889198688,1741.8951804251092,0.001
2,0.19779334474176885,0.6289568536877314,0.010000001068849462
3,0.19385725649578722,0.6226672570414912,0.010000001316929415
4,1.4588667541819322e-11,5.40160540179925e-06,0.9999913250539589
5,2.887388553534712e-16,2.40307659201063e-07,1.0
