Iteration,Function,Gradient,Alpha
1,4973.065103976427,984.3663731478028,0.001
2,126.89720067327389,15.932314454173563,0.01000214784827689
3,124.37106246580235,15.77156063725791,0.010002646362529389
4,0.03649864889135932,0.27023438607711087,0.9828691922742162
5,0.0014516189661877357,0.5388170313172619,0.9999999987543696
6,13.139306703101763,51.26267004966043,0.9613929046440323
7,8.272906379226541e-23,1.2863057552986853e-11,0.009999999999999998
