Iteration,Function,Gradient,Alpha
1,490.61818753375167,278.63206876849256,0.001
2,101.41203411379662,14.254037566883055,0.010021475195316085
3,99.38687194610313,14.098714351571232,0.010026459454932475
4,97.6670741172852,13.976199350218828,0.008689793405463933
5,2.1032415439433987e-06,0.02050898164283981,0.9999987548701292
6,0.020612385418723633,2.0303884071144433,0.9999999782491819
7,1.0472197678550538e-14,1.4472178604813465e-06,0.010000007127788237
8,6.881283409655295e-26,3.709793366120354e-13,0.009999999999999997
