Iteration,Function,Gradient,Alpha
1,1005.8308834416312,426.7494942558827,0.001
2,94.3017148008868,13.738032333042101,0.010008499282262181
3,92.42251139800618,13.59577224502842,0.010010471944808742
4,0.3843770647582605,0.8774828902923417,0.9355108929665488
5,0.06049360591166961,3.4783216042127947,0.9999999228148987
6,2.0376467830569367,20.187356355188932,0.06803763611374772
7,1.94932650331805e-15,6.243919447459399e-08,0.010000000000000004
