Iteration,Function,Gradient,Alpha
1,4021.2176995534655,895.4879560394854,0.001
2,11.607056162860427,4.818148969616546,0.010000237336360645
3,11.376066811305119,4.769919666263848,0.010000292422113668
4,4.2047558049826156e-05,0.009170542471809214,0.9980774651323101
5,1.8478981641330054e-07,0.006079306151417291,0.9999999999983193
6,0.0017949913633248744,0.5991646457068165,0.9955806415788602
7,2.2737055412486734e-33,6.743449475229533e-17,0.009999999999999998
