Iteration,Function,Gradient,Alpha
1,3445.7733186452638,820.2140983679171,0.001
2,81.197115078032,12.744423083299772,0.010001979438995919
3,79.58077124860095,12.61592416348298,0.01000243886565507
4,0.01988939718012351,0.19948313693664121,0.9841909444212656
5,0.0007290143094325237,0.3818414093396691,0.9999999990250001
6,6.639201117566095,36.43954203215539,0.9643109034499816
7,2.3603184073576648e-23,6.870689059123058e-12,0.01
