Iteration,Function,Gradient,Alpha
1,2463.3854799136784,697.9795020767966,0.001
2,27.233437817028598,7.380442259073794,0.010000916675435205
3,26.691411443980474,7.306354965919234,0.010001129435560979
4,0.001455490044544979,0.05395812445391861,0.9926155445700112
5,2.470572197839578e-05,0.07029327418522455,0.9999999999031669
6,0.2339665486214036,6.840563553120512,0.9831462408616015
7,3.799445299282326e-27,8.717161578498274e-14,0.01
