Iteration,Function,Gradient,Alpha
1,6166.842244205149,1103.0327066878713,0.001
2,82.60200885749327,12.853752198450513,0.010001113327497736
3,80.95793063943502,12.724616350961272,0.010001371730451928
4,0.006491175265900096,0.11395198090860939,0.991045702659337
5,0.0001338193491495157,0.1635966681503726,0.9999999998265214
6,1.2580813368125656,15.86241681971928,0.9796051269906717
7,7.963915779456409e-26,3.991064297549063e-13,0.009999999999999998
