Iteration,Function,Gradient,Alpha
1,251.33194822366116,208.1261562183182,0.001
2,34.40143045959919,8.299138253542832,0.010013043000372398
3,33.715386861440685,8.211624316234824,0.010016070231618325
4,0.3083703335018194,0.7862857235369548,0.9043649981507018
5,0.0744762737325958,3.859437102287639,0.9999997210507929
6,1.1101084453936247,14.900392245800802,0.048607682547718634
7,2.1286380478166547e-14,2.063316770550157e-07,0.010000000000000031
