Iteration,Function,Gradient,Alpha
1,2598.9711801798367,704.4341429607567,0.001
2,116.65499260896067,15.27687826685158,0.010003856382343005
3,114.3320993178097,15.121646691154558,0.01000475144438899
4,0.10524639510300025,0.45896036740568785,0.9696598346295612
5,0.007515517727126344,1.2260112338087559,0.9999999927902385
6,63.99467318418519,113.13237660739316,0.9327678628680539
7,2.4236510014851803e-20,2.2016589206710382e-10,0.01
