Iteration,Function,Gradient,Alpha
1,84.85253668591189,128.1822525353898,0.001
2,2.6720879312977055,2.311997585517033,0.01000266740008329
3,2.6188902665108027,2.2886197878080514,0.01000328650158739
4,0.0011754838734179991,0.04849887293259663,0.9788140183106283
5,5.805998007988422e-05,0.10775897185838794,0.9999999976141477
6,0.5157527384939402,10.156305809633148,0.9525021076648833
7,1.4795193122339494e-23,5.439704785312309e-12,0.009999999999999998
