Iteration,Function,Gradient,Alpha
1,695.7645098067189,361.3767085622705,0.001
2,42.37062277703817,9.207489243595978,0.01000532330617094
3,41.52671590961951,9.113365560263079,0.010006558837347664
4,0.0711712629759128,0.3774708634356195,0.9586013328507301
5,0.00701547588605235,1.1845231855942984,0.9999999810361331
6,56.76607848314197,106.55146970656197,0.9095304693263816
7,2.0531901150896652e-19,6.408104427254918e-10,0.009999999999999998
