Iteration,Function,Gradient,Alpha
1,3058.8496836148715,782.0818472122526,0.001
2,0.5837088600598157,1.0804717500760688,0.010000015647377668
3,0.5720930241240569,1.0696663256586671,0.010000019279133944
4,9.224577375581738e-09,0.00013582786439628942,0.9998730186597758
5,2.672767018910334e-12,2.312041097779334e-05,0.9999999999999994
6,2.618030804699591e-08,0.0022882442197893088,0.9997074156627744
7,2.7738668711548493e-46,2.355362762359484e-23,0.01
