Iteration,Function,Gradient,Alpha
1,2078.126828421932,635.7523274093568,0.001
2,56.64934587852348,10.645178726591965,0.010002298752663119
3,55.52160157571359,10.537703884296754,0.010002832291629812
4,0.01861836913398469,0.19300971120563395,0.9816878691671905
5,0.0007925124073405094,0.39812370121370805,0.9999999984729426
6,7.134266249526442,37.77371109522188,0.9587933267993357
7,7.225301416600355e-23,1.202106729199772e-11,0.010000000000000002
