Iteration,Function,Gradient,Alpha
1,181.73467876796315,173.78055463783645,0.001
2,30.428305509872562,7.806303791574176,0.01001655463053189
3,29.821148638132165,7.722842586538032,0.010020396881115163
4,29.29120014440676,7.653914050519688,0.00892527763669704
5,1.945040924767623e-07,0.006236900812822602,0.9999994296314341
6,0.001906241190590629,0.6174530250295368,0.9999999932928872
7,4.484664566155878e-16,2.994883826178144e-07,0.010000004850383276
