Iteration,Function,Gradient,Alpha
1,3385.2866193042623,821.6965287795234,0.001
2,9.267082836569163,4.305171798174408,0.010000225051113672
3,9.08266112449458,4.26207956858966,0.010000277285462518
4,3.0191370434184405e-05,0.007770796781037632,0.998176798096409
5,1.2581631889195204e-07,0.005016299809460197,0.999999999998567
6,0.0012227059679006192,0.4945110651746064,0.995808432426651
7,1.0675509230700407e-33,4.6207162281837665e-17,0.01
