Iteration,Function,Gradient,Alpha
1,2761.5116469274394,741.3500134672726,0.001
2,13.377303833079868,5.172569411701895,0.010000399109843652
3,13.111078172045929,5.120757399457033,0.010000491743192352
4,0.00013667676039282625,0.016534023304758973,0.9967712979383256
5,1.0100899046701283e-06,0.014213302956527228,0.9999999999920081
6,0.009752264406207078,1.3965861524594234,0.99259085641882
7,4.702848499364838e-31,1.0294350951769266e-15,0.010000000000000002
