Iteration,Function,Gradient,Alpha
1,449.8705403141349,295.6436137511798,0.001
2,12.716324045566394,5.04356754384215,0.010002386176567249
3,12.463170791770292,4.992628724826865,0.01000294000650378
4,0.004496951473092693,0.09485735101720777,0.9810048009731035
5,0.00019869774222523517,0.19934780772571098,0.9999999982920056
6,1.783045050854974,18.88409410511912,0.957293793724702
7,2.3449928185894226e-23,6.8483469809720104e-12,0.01
