Iteration,Function,Gradient,Alpha
1,6938.6188716837705,1177.5108875893407,0.001
2,5.899825035213811,3.435071598545561,0.010000069768902265
3,5.782417182089083,3.400710861596171,0.010000085962263058
4,1.8520159869041113e-06,0.0019245987400562526,0.9994340636020035
5,2.3926526856679097e-09,0.0006917590166622925,0.9999999999999574
6,2.3388688767229937e-05,0.06839398916166528,0.9986967500859377
7,5.5919070106278704e-39,1.0575355323229447e-19,0.009999999999999998
