Iteration,Function,Gradient,Alpha
1,1448.4032561814595,533.2214161207689,0.001
2,26.51003584263655,7.28194009963576,0.01000152906784352
3,25.982354669919204,7.208655168620007,0.010001883963814642
4,0.003903211335826674,0.08836659605479748,0.9877433678389562
5,0.0001105150194904987,0.14867079033253217,0.9999999995505743
6,1.0231864509391144,14.305149079538559,0.9722030694490971
7,5.970363503644665e-25,1.0927398260388942e-12,0.010000000000000002
