Iteration,Function,Gradient,Alpha
1,7112.138748895685,1190.5067905029152,0.001
2,25.350582225891184,7.120559761909775,0.010000293284359918
3,24.846081527651492,7.049266845233237,0.01000036135563502
4,0.00014010652519138794,0.0167400245471549,0.9976253472669196
5,7.608871003463458e-07,0.012336021241440417,0.9999999999968286
6,0.007375492145350203,1.2145363020799504,0.9945445936814348
7,4.125168501894905e-32,3.351046088389984e-16,0.009999999999999998
