Iteration,Function,Gradient,Alpha
1,8138.840702431969,1273.9312116376186,0.001
2,24.093665044054635,6.941778024276873,0.010000243429346386
3,23.61418208877103,6.872289587724234,0.010000299929280566
4,9.181118012073586e-05,0.013551041318621773,0.9980282074057897
5,4.138485873766509e-07,0.009097786405237824,0.9999999999981866
6,0.0040190764801984885,0.8965574694573113,0.9954677055741172
7,6.229455802520899e-33,2.0554960577019323e-16,0.010000000000000002
