Iteration,Function,Gradient,Alpha
1,2243.6666759683685,662.5467126139548,0.001
2,48.3375797646242,9.833073245686403,0.010001805919912187
3,47.375378828541066,9.734000085154287,0.01000222507298174
4,0.00988314893010452,0.14061640923813076,0.9855565620118677
5,0.00033049599691874426,0.2570976456207813,0.9999999992595882
6,3.028971478527409,24.612888812682712,0.967336219600653
7,5.6655720508785806e-24,3.366176481077182e-12,0.01
