Iteration,Function,Gradient,Alpha
1,531.6051954307594,311.074495891396,0.001
2,47.2903452803463,9.728425495465235,0.010008020962740522
3,46.348037281576154,9.627880069012454,0.01000988260960864
4,0.17293735529987994,0.5885521271346116,0.9389162850159901
5,0.025685336502103646,2.266509938301746,0.9999999351267593
6,0.9646845795819465,13.890173358039458,0.07128441408223919
7,6.152466767239857e-16,3.507838869514963e-08,0.010000000000000005
