Iteration,Function,Gradient,Alpha
1,113.99399145308766,131.00852900734927,0.001
2,27.895144578539675,7.4773898935092316,0.010026737656344712
3,27.337612444576408,7.39426982217177,0.010032943259877658
4,26.87661526880651,7.331659468938477,0.008467403527299062
5,1.5278270781728879e-06,0.017479550424494287,0.9999975968564504
6,0.014972710193190183,1.730474512565278,0.9999999425853933
7,1.5148814360052765e-14,1.7406214039564323e-06,0.010000010058636467
8,4.914955160728506e-25,9.914590420918562e-13,0.01
