Iteration,Function,Gradient,Alpha
1,2134.263995219776,642.7508345411634,0.001
2,67.93439057333416,11.657552202365727,0.010002697113398374
3,66.58190198675571,11.539662212421813,0.010003323111316867
4,0.030540115858666565,0.24720648234185,0.9785831233647421
5,0.0015252531200645578,0.5523138817854495,0.999999997533525
6,13.534508616077456,52.02789370343077,0.9519986608926372
7,4.195647793177574e-22,2.896773306000169e-11,0.01
