Iteration,Function,Gradient,Alpha
1,433.84049228296146,292.4126478606141,0.001
2,6.251553049896262,3.536145188468201,0.010001198972870322
3,6.127122836037526,3.5006064720418952,0.010001477254058271
4,0.0005689699968620915,0.033737148444729796,0.9903635760714745
5,1.2631977143251002e-05,0.050263261221793004,0.9999999997833268
6,0.11838201016474917,4.865840321357641,0.9780709534318723
7,1.2589519883601558e-26,1.586805483821642e-13,0.01
