Iteration,Function,Gradient,Alpha
1,36.48740205998614,47.487352650754644,0.001
2,24.954475176937652,7.117651636454786,0.010185642912684326
3,24.442862604582132,6.991860883313421,0.010228720678119812
4,24.139186721403796,6.948268080401381,0.006231334540764652
5,0.002776895018497906,0.7431613313382576,0.9991959146561552
6,27.0570547774453,73.56229302767157,0.9998842798903914
7,8.471922612664813e-08,0.004116285299518885,0.01000055956456499
8,2.007635570073465e-13,6.336616715682692e-07,0.01
