Iteration,Function,Gradient,Alpha
1,123.57939678007375,156.40863796839218,0.001
2,1.2484745040352543,1.580227390054434,0.01000083685911729
3,1.2236264730637678,1.5643698239640582,0.010001031093916117
4,5.568320852814385e-05,0.010553854695478837,0.993254139586857
5,8.628779110252875e-07,0.013136802586819119,0.9999999999263227
6,0.008195850741052304,1.2803008037998183,0.9845908833892464
7,7.034245711467644e-29,1.1861067162332101e-14,0.01
