Iteration,Function,Gradient,Alpha
1,3746.294656580575,865.5958402170771,0.001
2,0.013724939281045826,0.16568005079441997,0.010000000300350921
3,0.013451812975984134,0.16402324820575975,0.010000000370062372
4,7.993642098858621e-14,3.9984103210966334e-07,0.9999975622905586
