Iteration,Function,Gradient,Alpha
1,5653.660748405168,1057.870613155355,0.001
2,57.627423328839555,10.73604888470735,0.010000844420265442
3,56.48047979153235,10.6283093473586,0.010001040410003081
4,0.002616573237986106,0.0723462024356582,0.9931936087095187
5,4.0913279000384115e-05,0.09045803336396842,0.9999999999243075
6,0.38849625386260067,8.814717849853173,0.9844538458387803
7,3.5510280816825e-27,8.428500954505459e-14,0.009999999999999998
