Iteration,Function,Gradient,Alpha
1,3615.6439727263364,850.0983724023525,0.001
2,2.284681189322294,2.137611190758512,0.010000051836883832
3,2.2392156495762667,2.116230445663358,0.010000063868223809
4,3.960160796385202e-07,0.0008899662007853332,0.999579458917311
5,3.80123530356529e-10,0.00027572578057067097,0.9999999999999826
6,3.718304051124639e-06,0.02727014503490819,0.9990313839520932
7,1.1051884434510893e-40,1.486733630110713e-20,0.01
