Iteration,Function,Gradient,Alpha
1,3460.9375006912237,826.0633470671405,0.001
2,48.54382353513764,9.853772863703488,0.010001166592727316
3,47.57761778949701,9.754754511477156,0.010001437358506214
4,0.004184885639555385,0.0914964347468569,0.9906213577034211
5,9.040146757958652e-05,0.1344629819538348,0.9999999998004117
6,0.8482221611582088,13.024762271597965,0.9786504108669669
7,7.447370212903379e-26,3.8594692762172283e-13,0.009999999999999998
