Iteration,Function,Gradient,Alpha
1,4389.099392727022,932.0501087119649,0.001
2,45.057197306633675,9.493187829369427,0.010000850512170178
3,44.16043480064395,9.397918365327302,0.010001047915835925
4,0.002075241092233833,0.06442936013163097,0.993144845301173
5,3.2682993929655576e-05,0.08084923491246603,0.9999999999226575
6,0.3102744299358537,7.877492366684384,0.9843434647480831
7,2.9824043892879718e-27,7.724451727612056e-14,0.009999999999999998
