Iteration,Function,Gradient,Alpha
1,4420.5670272084335,936.5412260951698,0.001
2,34.6694624920133,8.327218779062047,0.010000648152555426
3,33.97946731325725,8.24372092119437,0.010000798588642178
4,0.0009304157038027729,0.04313996985011023,0.9947672502344291
5,1.1166757611498838e-05,0.04725834870475023,0.9999999999657699
6,0.10681338539665097,4.621977615624095,0.9880235116762578
7,1.5325799017327958e-28,1.7507597789147407e-14,0.01
