Iteration,Function,Gradient,Alpha
1,2565.9116197288604,716.3560602864526,0.001
2,0.08077824113935833,0.4019409361104347,0.010000002580985089
3,0.07917075346454697,0.3979214833721521,0.010000003180031738
4,3.4739653014163905e-11,8.335426777888878e-06,0.9999790525892823
5,1.660290348268045e-15,5.762448001098222e-07,1.0
