Iteration,Function,Gradient,Alpha
1,321.65471374317104,147.7960282414647,0.001
2,210.2713751445659,20.640695452009016,0.010161003135326866
3,205.97721532547544,20.296713849016385,0.010198364475513068
4,203.36223964242507,20.167418390591674,0.006367983377990927
5,0.014161200990783503,1.6796300876782715,0.9994753613727719
6,138.22573858430212,166.26830039685967,0.9999298699403213
7,2.133443115070139e-07,0.006532136624232371,0.010000392867225281
8,2.6444763634971004e-13,7.27251863317943e-07,0.01
