Iteration,Function,Gradient,Alpha
1,822.746029121504,398.8191430386408,0.001
2,27.187768503636928,7.374815940013543,0.010002803639416347
3,26.64648470966888,7.300203382154103,0.010003454361854342
4,0.013184347877152553,0.162426978608227,0.9777562392724977
5,0.0006844674580394824,0.36999120477100056,0.9999999972295793
6,6.05050454571798,34.78650469856947,0.9501981520101259
7,2.4598525680952e-22,2.2180409016196485e-11,0.010000000000000002
