Iteration,Function,Gradient,Alpha
1,153.36233329982946,169.9766373284999,0.001
2,8.812973698292343,4.199179288534396,0.01000500453437143
3,8.637452487784161,4.156309057119108,0.01000616607956447
4,0.013149354688637338,0.16224464958100174,0.9609826893723271
5,0.0012185385103861948,0.493667602823234,0.9999999842430131
6,9.968670135997304,44.65124888734312,0.9144800313406682
7,2.340195476999811e-20,2.1634211254867402e-10,0.009999999999999998
