Iteration,Function,Gradient,Alpha
1,2239.5441161710883,669.2095593914041,0.001
2,0.3335748193435114,0.8167926909460339,0.010000012212891313
3,0.32693666722661424,0.8086243469332521,0.010000015047503337
4,3.2116022934430967e-09,8.014498898572022e-05,0.9999008873566237
5,7.262954335661423e-13,1.2052347767685284e-05,0.9999999999999998
6,7.115137684782079e-09,0.0011929071786842495,0.9997716209970876
7,1.4349296744140415e-40,1.6940658947857177e-19,0.009999999999999998
