Iteration,Function,Gradient,Alpha
1,3103.784613635421,786.2370274481692,0.001
2,12.811878786495699,5.06206127281534,0.0100003398388887
3,12.556908278430916,5.011368730882119,0.010000418715461415
4,9.499941884158327e-05,0.01378444466629435,0.9972494536112779
5,5.978152107224817e-07,0.01093448865491644,0.9999999999950661
6,0.005784666306113098,1.0756083214733045,0.9936841533414388
7,9.056681432990689e-32,4.5926610748786355e-16,0.009999999999999998
