Iteration,Function,Gradient,Alpha
1,9199.224700104085,1356.0720376400336,0.001
2,4.522165101664889,3.007384212456124,0.010000040321057939
3,4.432173424806386,2.9773053000343737,0.010000049679575025
4,4.7435301149368243e-07,0.0009740190849527542,0.9996728533768511
5,3.541658093686432e-10,0.0002661450015944854,0.9999999999999916
6,3.465896523597798e-06,0.026328298553449283,0.9992464031154215
7,1.8895844798763382e-41,6.147494578893646e-21,0.01
