Iteration,Function,Gradient,Alpha
1,21863.693627170003,2090.9369804831176,0.001
2,3.5702818992239624,2.6721847912071595,0.010000013389679723
3,3.4992331343949474,2.6454614472318236,0.010000016497424342
4,4.1316737616832584e-08,0.0002874607489432585,0.999891338282156
5,1.0243993020005687e-11,4.526365654695981e-05,0.9999999999999998
6,1.0035059733551821e-07,0.004479968690415553,0.999749620817246
7,2.2958874942309927e-39,6.776263579366719e-19,0.009999999999999998
