Iteration,Function,Gradient,Alpha
1,2875.4057728562284,753.7732301964825,0.001
2,34.18996595311036,8.26954704903225,0.01000098677810823
3,33.509476216566796,8.186510394130977,0.010001215809025873
4,0.0021150369296142764,0.0650450197676324,0.9920553502997731
5,3.864649847586123e-05,0.08791643586481566,0.9999999998792087
6,0.3650364907132968,8.54443082613812,0.9818809392223803
7,9.929544955460602e-27,1.4092228323058494e-13,0.01
