Iteration,Function,Gradient,Alpha
1,89.28515398762237,127.85784660142669,0.001
2,7.47147193476721,3.8667868887244983,0.010007500774195231
3,7.322607897726316,3.8269068192500124,0.010009241687634285
4,0.02408597430295568,0.21963499555193078,0.9426483202568381
5,0.0033453415681309866,0.817965961165979,0.9999999469477643
6,0.14244947056003873,5.337592538964335,0.07525445791602138
7,5.681726551410414e-17,1.0659949860492318e-08,0.010000000000000002
