Iteration,Function,Gradient,Alpha
1,3749.4060507143445,860.4156830084544,0.001
2,47.35195013205455,9.732007109351946,0.010001048882531557
3,46.40948525255152,9.634260246912458,0.010001292327849338
4,0.0033062317066035684,0.08132503104788118,0.9915596037248803
5,6.421445570041141e-05,0.11332648031277721,0.9999999998549367
6,0.6051443853583685,11.001312515862537,0.9807627454324258
7,2.5235043551011463e-26,2.2465972886271333e-13,0.009999999999999998
