Iteration,Function,Gradient,Alpha
1,924.7471494911558,407.1499891456774,0.001
2,94.93159411580454,13.784340767211459,0.010009400681805102
3,93.03956124600589,13.64108216698193,0.01001158255452484
4,0.4668990398541703,0.9671814614472378,0.9291607740829542
5,0.08127401596631006,4.031724592933029,0.9999998955602188
6,2.263145763277838,21.27508290596224,0.06276918702049757
7,4.384405148988935e-15,9.364192596256307e-08,0.010000000000000007
