Iteration,Function,Gradient,Alpha
1,1501.2811477682844,524.9025877863966,0.001
2,122.42976757646126,15.65261833092178,0.010007292442669277
3,119.99051978107367,15.49132143101892,0.0100089850032514
4,0.37426360076362947,0.8657645048838987,0.9441513940971522
5,0.05053832630776136,3.1792554571081726,0.9999999512466778
6,2.2681589914592633,21.29863371889973,0.07699252075287089
7,7.427811387683903e-16,3.854299258667924e-08,0.010000000000000002
