Iteration,Function,Gradient,Alpha
1,9158.49130343371,1353.3953668355855,0.001
2,0.09524648773155513,0.43645502476786263,0.010000000852606192
3,0.09335108236233526,0.43209045896047105,0.010000001050496105
4,4.47011117617993e-12,2.9900206986041662e-06,0.9999930801053442
5,7.057321360623361e-17,1.1880506185027102e-07,1.0
