Iteration,Function,Gradient,Alpha
1,92606.56383279676,66846.80379032854,1e-06
2,18767.940186952696,20203.66514985167,2.7281219572892954e-05
3,7206.778812355559,9894.704241145624,3.908117226151583e-05
4,2145.626634448842,4044.239736947184,7.654325005221242e-05
5,680.3303280521894,1764.6673143137566,0.00012930147280301328
6,193.3366786622006,738.3222480604406,0.0002289753010693941
7,48.0338431072737,300.1269733631514,0.000392646757310338
8,8.757658713494308,109.51291785948638,0.000659584806872328
9,0.9627520284949053,31.204011564637852,0.0010361667687825828
10,0.15079298941455183,5.20910818324983,0.0014476424357128725
11,0.12574128523674344,0.5344428939456486,0.0017361582796414758
12,0.1253010546795452,0.43263411813744834,0.001859561505370131
13,0.12495574458076028,0.4318327957610991,0.001846591529356373
14,0.12460688582177429,0.4310240789189027,0.0018725151392782818
15,0.4857568072681742,28.548814966264594,0.9998410560871437
16,0.5646814122585766,29.25138153768342,0.002471364350571609
17,0.015131567429838639,1.154068825843942,0.0012208103984929963
18,0.014311745282617371,0.12775998262297442,0.001270615735784686
19,0.0142931393025534,0.11795786830014575,0.0012315214971314265
20,0.01427618876584719,0.11787921965641301,0.0012186451031671783
21,0.014259224338231256,0.11780199366358814,0.0012212567959435578
22,0.013848428183346143,5.173050149794069,1.8641485838817222
23,0.045013607307823306,9.285661589506534,0.002875567052628953
24,0.0002515154262566872,0.055381275760006045,0.001028823240300137
25,0.00024983802694636165,0.014317393040464494,0.0010347820533378928
26,0.0002496133183001901,0.014300044692422992,0.0010973488886928285
27,0.0002494039402145707,0.014293913671145138,0.0010241189326666191
28,0.000249136462295944,0.014286149194583785,0.001309494252429645
29,5.923917591073784e-06,0.10811266303467294,2.4106966427652017
30,0.010058556979200323,4.473337411696679,0.04252826255896906
31,8.631600550736188e-08,0.0005758723416174064,0.0010035786259550738
32,8.611566702123421e-08,0.0002623371933707197,0.001003693548096982
33,8.605744434583687e-08,0.0002622370788646326,0.0008461789808823828
34,8.598876035774964e-08,0.00026213211267347097,0.0009989746315621985
35,8.561346396623e-08,0.0002615593179096986,0.005467750504781596
36,7.043415783681019e-13,3.728006662526454e-05,2.502245273675559
37,4.3570275346035534e-06,0.09341755201828023,2.503082903689618
38,1.5585284515194135e-16,5.551144618129823e-07,0.0009985077352758442
