Iteration,Function,Gradient,Alpha
1,30525.33178713489,29782.964347390305,1e-06
2,5753.784916636094,8813.917167038882,4.6346718888582316e-05
3,2063.766580367639,4260.169497400014,6.578527565889553e-05
4,520.6794638393175,1670.9530790820097,0.00012722492341154837
5,124.46091409761314,673.9776257250339,0.00020907338797238148
6,20.48887241462097,235.81796491560485,0.0003499760371894773
7,1.8488630951277711,64.98851818577643,0.000537872719282433
8,0.05182315983144165,10.41772299264636,0.0007422993466183605
9,0.0012012714824424207,0.6083905793998499,0.0008839908661544247
10,0.0010254187869351494,0.028594788454710893,0.0009387706250753257
11,0.001024660308604467,0.027892909240088425,0.0009505385587838042
12,0.001023922460922861,0.027883114914314878,0.000948539361200813
13,0.0010231795032786843,0.02787325059583193,0.0009557808081179437
14,0.00011629707038229392,0.4790858001773789,2.7016712150990174
15,0.012492349040782665,4.979284812562209,0.011453375924316634
16,1.5675439366046093e-06,0.002805922401256329,0.0010052726458585834
17,1.5629731666334972e-06,0.001118511597067713,0.0010057920633600333
18,1.5619931279517296e-06,0.0011180786224776246,0.000783531639670908
19,1.5607426894285062e-06,0.0011176265133032988,0.001000475037657477
20,1.556245097560038e-06,0.001116013413220035,0.003603297986058851
21,2.393341004853442e-10,0.000687364077810366,2.496522936243158
22,3.4751723190818008e-12,1.720498263253229e-06,0.000997780274501356
23,3.472309559904083e-12,1.6653578215813555e-06,0.0009984100213447132
24,3.469541121270263e-12,1.6646938014166604e-06,0.0009984041559579742
25,1.3517685354339648e-21,1.6349133939859696e-09,2.5039903982454152
