Iteration,Function,Gradient,Alpha
1,4907021.741421976,1319286.2304805405,1e-06
2,1214070.361901504,463303.8960274107,3.322386081373699e-06
3,434610.72026264074,214806.12960941755,5.120369610722278e-06
4,134745.94350303515,89631.9778832307,9.545723450689387e-06
5,43786.66105009026,38902.9335541681,1.637853450950376e-05
6,13723.731396592599,16576.40609210852,2.8931483764546113e-05
7,4210.565669824184,7063.8108798442745,5.039011867520673e-05
8,1215.398278781919,2964.243003626908,8.774852029555939e-05
9,314.0377006191086,1209.2186527148297,0.00015104498330091267
10,65.22965394135598,460.9945349770346,0.0002548002762558781
11,8.882256999742394,150.45821080549123,0.00041132533167573547
12,0.5394339517393146,34.75635843020022,0.0006102611484696707
13,0.009378442163657645,3.9766403029016706,0.0007934924941200396
14,0.0020743750829869865,0.13349970136856815,0.0008960091587341492
15,0.002065385717092412,0.03919087594687794,0.000925818734017258
16,0.0020638240855152174,0.03917363941585075,0.001017006780376731
17,0.002062398130728872,0.039160555163863735,0.0009293741600108061
18,0.0020578411298710015,0.0391187932613268,0.0029731242521199856
19,0.0004884261160012139,0.9812711934961984,2.787926412890389
20,0.015388127926884022,5.517619307941571,0.006671985116141141
21,6.480278302121476e-06,0.006292878837243062,0.001007406912142459
22,6.457801757843671e-06,0.0022760075180841355,0.0010084785177270187
23,6.451829270400192e-06,0.0022746873502350775,0.0011533686493702692
24,6.446643040446026e-06,0.002273764912689794,0.0010025291276660644
25,6.432734936859151e-06,0.002271305880801022,0.0026916073153867696
26,4.110690231202962e-09,0.0028488203498873155,2.488817771483229
27,0.003783900953701075,2.747739447397927,0.9668331201638851
28,3.519670539375748e-11,5.419530211024586e-06,0.0010013627738971872
29,3.5167932010101874e-11,5.299968077762373e-06,0.0010013623630627292
30,3.5139809709900426e-11,5.297847527437401e-06,0.001001362363059002
31,3.511154343978803e-11,5.295716308935892e-06,0.0010072956507559253
32,1.244339474736699e-19,1.5675390362444817e-08,2.5039660399399177
