Iteration,Function,Gradient,Alpha
1,275919.6743039718,152224.64140928944,1e-06
2,56697.451060062325,46598.32855176693,1.5546177101108277e-05
3,21538.714551305548,22666.606014548495,2.239908361225567e-05
4,6407.64361234857,9261.213134056768,4.359848940540519e-05
5,2033.5187079104705,4029.0806965933766,7.366988342812364e-05
6,588.7177595412037,1687.8254087684054,0.00013026493686533737
7,154.57568622991687,694.4784481286647,0.0002238241778071671
8,32.22696832344564,265.60035488509976,0.00037956929877716974
9,4.34622317537162,86.32000305300389,0.0006135475308217674
10,0.2778677276608243,19.396090887431605,0.0009081207975468972
11,0.03567296029767102,2.085164361926971,0.0011710274002718812
12,0.032721504096100945,0.1972338418191012,0.0013114277650254802
13,0.032670958912875976,0.18811079435810132,0.001360585064333257
14,0.0326232267878042,0.18795105304088858,0.0013494850398113511
15,0.03257501291370557,0.18778987360183774,0.0013654278943934944
16,0.05897513641152759,10.543571020807626,1.5922175100540168
17,0.11047685590664603,14.226816165138352,0.00249221772440558
18,0.0012261987318477321,0.17658369381900976,0.001060824513936343
19,0.0012091771124326783,0.03209389668691668,0.001073925322443133
20,0.0012080574125454126,0.03194633755543893,0.0010919791657554706
21,0.001206979735027846,0.031931526754878245,0.0010562054605552575
22,0.0012058439106364498,0.031916073328884506,0.001114235331399742
23,0.00013061033240926068,0.5072011160601627,2.302352493272893
24,0.012050152007374386,4.889956535164111,0.010698542465180807
25,1.9907750991094617e-06,0.0029558101968697264,0.0010054022183990825
26,1.9855999084825045e-06,0.0012608392620278054,0.001005951753522285
27,1.9843153919350636e-06,0.0012603544669711796,0.000808188521479218
28,1.982726041364771e-06,0.0012598461161533532,0.0010007426094826163
29,1.9760981728345195e-06,0.0012577362755857243,0.004179291727766095
30,3.844611632753094e-10,0.0008711600345121423,2.4955745545298034
31,5.604715162642545e-12,2.226190421281415e-06,0.0009976111617703337
32,5.600007372474824e-12,2.11491451036087e-06,0.0009984106500243715
33,5.595542534639294e-12,2.1140712390513774e-06,0.0009984047609752583
34,3.410809738481213e-21,2.5966486740506458e-09,2.5039874095384174
