Iteration,Function,Gradient,Alpha
1,38909.865190698474,2787.490787652902,0.1
2,58.836150681341365,11.64552669738025,0.010015274114128454
3,57.57646086232842,10.730932938418903,0.010000152743474305
4,56.43068911701765,10.623623592448826,0.010000001527434976
5,7.460256946546592e-16,3.8639471770609155e-08,0.9999999963640508
