Iteration,Function,Gradient,Alpha
1,340656.66603445704,8253.560740085553,0.1
2,49.845458879352876,10.058038121545518,0.010001477999069168
3,48.84624038434884,9.88395066603941,0.010000014780012535
4,47.874200186405716,9.785111157918005,0.010000000147800127
5,5.195428023953142e-22,3.234155002368929e-11,0.9999999999967057
