Iteration,Function,Gradient,Alpha
1,230558.25721320798,6790.491538836745,0.1
2,4.3367945245204895,2.9478922189203844,0.010000189999760734
3,4.250410723715456,2.915616821091364,0.010000001899997968
4,4.165827550153619,2.886460652825054,0.010000000018999979
5,1.9978672350470412e-28,2.0509076219938262e-14,0.9999999999999931
