Iteration,Function,Gradient,Alpha
1,54691.63999267507,3304.725924547615,0.1
2,84.84849916060145,14.008872020229138,0.010015670934605966
3,83.02855783142078,12.886315053938509,0.010000156711801881
4,81.3762892729144,12.757451882951736,0.010000001567118265
5,1.2547883420104362e-15,5.011133806036511e-08,0.9999999960732349
