Iteration,Function,Gradient,Alpha
1,71118.38818945874,3766.9631359753903,0.1
2,167.03990906735783,20.32618966915028,0.01002372540053622
3,163.3243194605025,18.073423554089512,0.010000237259634441
4,160.07416473576262,17.89268927443623,0.010000002372596909
5,2.972528585043756e-14,2.438752347685785e-07,0.9999999863729613
