Iteration,Function,Gradient,Alpha
1,264040.6683524927,7266.199159592766,0.1
2,51.90324570476678,10.289181335600956,0.010001985589053089
3,50.86016830740914,10.085650034322349,0.010000019855929956
4,49.848050938096115,9.984793531976123,0.010000000198559303
5,3.1804364830731574e-21,7.995165950785512e-11,0.9999999999920126
