Iteration,Function,Gradient,Alpha
1,3861558.234154326,27790.3833586856,0.1
2,30.886307384511984,7.862729912900364,0.010000080791978111
3,30.27142277892709,7.78092832236965,0.010000000807919846
4,29.669021465142198,7.703119039083091,0.0100000000080792
5,9.871286730284848e-30,4.6718952936646006e-15,0.9999999999999994
