Iteration,Function,Gradient,Alpha
1,390043.73196130065,8832.202457439975,0.1
2,4.6834643348853255,3.06239930723647,0.010000121288261991
3,4.59020714718027,3.0299198494944615,0.010000001212882767
4,4.498862024841149,2.9996206509627674,0.010000000012128828
5,1.6676856639486983e-29,5.9802488730996225e-15,0.9999999999999981
