Iteration,Function,Gradient,Alpha
1,476841.81642550166,9765.512169161659,0.1
2,15.520532430216482,5.58060179558283,0.01000032877382292
3,15.211168578699022,5.515644763524755,0.010000003287739312
4,14.908466322992707,5.460488315708167,0.010000000032877392
5,1.9620534182076047e-26,2.0102165255856301e-13,0.9999999999999638
