Iteration,Function,Gradient,Alpha
1,56387.992568567104,3358.055698745233,0.1
2,5.24965593999099,3.255462701113892,0.010000940393080708
3,5.144698997731017,3.2077091506965094,0.010000009403939652
4,5.042319486718237,3.1756320588878797,0.010000000094039398
5,3.629979429335282e-24,2.708437103977943e-12,0.9999999999991516
