Iteration,Function,Gradient,Alpha
1,694706.4909908782,11785.306944772126,0.1
2,236.88089345716983,22.13760875135023,0.010003444252577223
3,232.08620345370713,21.54466075174097,0.0100000344426444
4,227.46768784670292,21.32921413679852,0.010000000344426456
5,3.953384707049155e-19,8.904643924666237e-10,0.9999999999583112
