Iteration,Function,Gradient,Alpha
1,86013.17158187507,4147.29628701868,0.1
2,12.712607511101144,5.079836145052634,0.010001492915191482
3,12.457747620725222,4.991542370996292,0.010000014929174204
4,12.209838439390303,4.9416269465410485,0.010000000149291742
5,1.407398777047132e-22,1.6832335779884786e-11,0.9999999999966049
