Iteration,Function,Gradient,Alpha
1,70716.51812324046,3760.4423425910186,0.1
2,11.76817070324171,4.892024937164693,0.010001680945500881
3,11.532025660068479,4.802504692359819,0.010000016809483264
4,11.30253834559493,4.7544796446288276,0.010000000168094837
5,2.6546234358128025e-22,2.3108873202498057e-11,0.9999999999951538
