Iteration,Function,Gradient,Alpha
1,1724.8132922512514,582.6520157050263,0.1
2,27.555736411545684,11.943573229852612,0.010161400749098293
3,26.573980136659518,7.290264916614762,0.010001614268035055
4,26.045160224088136,7.2173624301524635,0.009999956222089768
5,4.797804861407072e-10,3.098369641918061e-05,0.9999957080288511
6,2.120933996927385e-11,6.51296245487011e-05,0.9999999999999999
7,6.845883692590186e-09,0.001170118258347436,0.18965991151576078
8,1.582689199163151e-40,1.6949378886469898e-19,0.010000000000000002
