Iteration,Function,Gradient,Alpha
1,69450.2694096129,3726.725016309587,0.1
2,7.79482161000833,3.9706879412899747,0.010001133698438492
3,7.638829723456765,3.908664662888562,0.010000011336997237
4,7.486817010245268,3.8695780158165225,0.010000000113369973
5,1.6545850990376214e-23,5.777354170808359e-12,0.9999999999985134
