Iteration,Function,Gradient,Alpha
1,352075.6878336121,8388.321899502209,0.1
2,253.58922380157964,23.32490902470992,0.010007275498491576
3,248.3602407233692,22.287226867618372,0.010000072755514249
4,243.41787157518684,22.06435458268321,0.010000000727555197
5,3.7584898333676166e-17,8.675889439807047e-09,0.9999999996070589
