Iteration,Function,Gradient,Alpha
1,869180.0294752588,13184.684460662926,0.1
2,0.5027609271411618,1.0027864200711498,0.010000005842740353
3,0.4927556938204061,0.9927292620049095,0.010000000058427402
4,0.48294985551281006,0.9828019693842804,0.010000000000584274
5,3.3890650785182e-40,2.6034842340671857e-19,1.0
