Iteration,Function,Gradient,Alpha
1,467797.61569966207,9672.49859642793,0.1
2,11.355783685862129,4.771504503320608,0.010000245202006758
3,11.129527880507748,4.717950377125167,0.01000000245202067
4,10.908050275145305,4.670770873238229,0.010000000024520207
5,2.4626369200965075e-27,7.157215925450608e-14,0.999999999999985
