Iteration,Function,Gradient,Alpha
1,32802.60142653302,2559.870282792089,0.1
2,37.58589490503138,9.157629321944157,0.01001157408029184
3,36.79490958725656,8.57845086106328,0.010000115742142527
4,36.062690802141695,8.492666342455907,0.010000001157421558
5,9.025483246661256e-17,1.3441075793954475e-08,0.9999999984180079
