Iteration,Function,Gradient,Alpha
1,74026.1698436756,3847.756944225317,0.1
2,0.002311159857750407,0.0679877510478553,0.010000000315362108
3,0.0022651677044103723,0.0673077663336167,0.01000000000315362
4,2.2513485272128093e-10,2.121955950161492e-05,0.999684738319848
5,7.028899068898941e-22,3.749373032627973e-10,1.0
