Iteration,Function,Gradient,Alpha
1,979422.6644553002,13995.860782624894,0.1
2,2.04853427480519,2.0243354800003805,0.010000021127003279
3,2.007764157229045,2.0038783182763593,0.010000000211270036
4,1.9678096504917881,1.983839535089362,0.010000000002112699
5,8.53623970906768e-37,1.3066169835929487e-17,1.0
