Iteration,Function,Gradient,Alpha
1,163466.68323050535,5716.713781125069,0.1
2,61.99844744339176,11.34660571426302,0.010003831052021885
3,60.7411682347648,11.021902579391604,0.010000038310666991
4,59.532418940817344,10.911683549371961,0.010000000383106685
5,1.9594898951633058e-19,6.268177903491479e-10,0.9999999999426294
