Iteration,Function,Gradient,Alpha
1,121390.97396518786,4926.578462809045,0.1
2,34.75618936988939,8.457077401966098,0.010002892090194376
3,34.054590803503935,8.252828703361331,0.010000028920985586
4,33.37690442701325,8.1703004139399,0.010000000289209865
5,2.033282448299245e-20,2.0199865329359072e-10,0.9999999999753186
