Iteration,Function,Gradient,Alpha
1,156473.82400557774,5594.132228158222,0.1
2,2.2246358602167082,2.1108437151731865,0.010000143609148032
3,2.1803339723990303,2.0882212394279636,0.010000001436091685
4,2.136945326286293,2.0673390270036953,0.010000000014360919
5,1.934054454732961e-29,6.429981200500828e-15,0.9999999999999969
