Iteration,Function,Gradient,Alpha
1,100059.90390334706,4473.159417706425,0.1
2,13.98869723808324,5.326577051989807,0.010001412155800105
3,13.708366380324708,5.236099002181892,0.010000014121577944
4,13.435569885523286,5.183738011420578,0.01000000014121578
5,1.1093459622250328e-22,1.494686848070715e-11,0.9999999999971266
