Iteration,Function,Gradient,Alpha
1,195504.4423294802,6252.757738478797,0.1
2,19.35210765157292,6.252292581399479,0.010000999854683387
3,18.96508493748851,6.158747427438262,0.01000000999855683
4,18.58767974347794,6.097159952548061,0.010000000099985572
5,1.93345288820966e-23,6.248846764029801e-12,0.9999999999989801
