Iteration,Function,Gradient,Alpha
1,123375.49515746115,4966.774136280933,0.1
2,30.96363600529626,7.968486069231996,0.010002535064200083
3,30.339689078774217,7.789696923344228,0.010000025350706265
4,29.73592925087774,7.711799952135395,0.01000000025350707
5,8.216646501046517e-21,1.2843996594046119e-10,0.9999999999833774
