Iteration,Function,Gradient,Alpha
1,1795975.1861066986,18952.433722317866,0.1
2,1.4514524900883474,1.7038608962202413,0.010000008163329036
3,1.4225674122822014,1.6867527455333822,0.01000000008163329
4,1.3942583207754864,1.6698852180766715,0.010000000000816332
5,5.20921440485039e-39,1.0207070495348203e-18,1.0
