Iteration,Function,Gradient,Alpha
1,63476.91764652544,3562.7833909290343,0.1
2,9.693771186211881,4.436954018507297,0.010001542561246952
3,9.499384701557746,4.358757782111344,0.010000015425636263
4,9.31034694309537,4.315170203617783,0.010000000154256365
5,1.3058774725323308e-22,1.6212182324127703e-11,0.9999999999962549
