Iteration,Function,Gradient,Alpha
1,7827.505634383768,1251.147396190106,0.1
2,0.6500874040334905,1.145024516554848,0.010000838906454465
3,0.6370966675355009,1.128801725313622,0.010000008389071582
4,0.6244184437457202,1.1175137079657862,0.010000000083890717
5,2.2650281274564366e-25,6.769784933685393e-13,0.9999999999993978
