Iteration,Function,Gradient,Alpha
1,24816.806006554893,2226.716279907185,0.1
2,25.249921896812964,7.462210707733324,0.01001027740490924
3,24.721778831150274,7.031611313408058,0.010000102775105355
4,24.229815382100156,6.961295193008289,0.010000001027751159
5,2.9726333694211725e-17,7.714231200762822e-09,0.999999998892373
