Iteration,Function,Gradient,Alpha
1,34143.36858155171,2612.790938242654,0.1
2,9.889148401489386,4.511847327275155,0.010002925624718308
3,9.689490351581767,4.402156369686167,0.010000029256332777
4,9.496669487972383,4.358134804700833,0.010000000292563337
5,6.199625517897094e-21,1.1153827857120229e-10,0.9999999999744501
