Iteration,Function,Gradient,Alpha
1,17.925315569775023,50.96188133356305,0.1
2,6.724716670895221,19.597976707470814,0.013804030213998477
3,4.755930474392582,3.0850065252102805,0.010038185561168408
4,4.658844797652098,3.0524896647578488,0.010256591274489742
5,4.566110093227169,3.021956350851973,0.010002566571304699
6,6.669615636024537e-09,0.00012504505924823537,0.9999618144388316
7,1.137032607315186e-07,0.0047687159850743595,0.9999999999974334
8,3.666311553553371e-10,0.0002707881664162366,0.010567842931438523
9,4.208379395259307e-32,2.9011651052794556e-16,0.01
