Iteration,Function,Gradient,Alpha
1,290808.06004314934,7626.182414870504,0.1
2,14.621964648571446,5.421480140999787,0.010000507883751092
3,14.330252242802972,5.353550642854327,0.010000005078840088
4,14.045080221730126,5.300015136153882,0.010000000050788403
5,2.505946882965563e-25,7.147548751861879e-13,0.9999999999998664
