Iteration,Function,Gradient,Alpha
1,751966.9629395347,12262.565449942353,0.1
2,113.27887065054377,15.165903845168673,0.010001521652987136
3,111.00755556637684,14.90017151353506,0.010000015216553026
4,108.79850517716068,14.751169796132148,0.010000000152165532
5,1.4061596902568223e-21,5.320179770778645e-11,0.9999999999964051
