Iteration,Function,Gradient,Alpha
1,55460.102486429096,3328.948701084316,0.1
2,50.14445474741382,10.46135208447269,0.0100091329495241
3,49.101273697671886,9.90971984448133,0.010000091330329357
4,48.1241582622926,9.810622636947423,0.010000000913303376
5,2.9074848419448415e-17,7.629685365459009e-09,0.9999999992227248
