Iteration,Function,Gradient,Alpha
1,23474.323979723515,2165.4793644618944,0.1
2,27.573742027178895,7.853855871535566,0.010011865133373342
3,26.99266702904887,7.34747126969666,0.010000118652741566
4,26.45551289175171,7.2739965482191025,0.010000001186527557
5,7.685037002762723e-17,1.240272951723864e-08,0.9999999982956331
