Iteration,Function,Gradient,Alpha
1,84596.8342593504,4110.097745883479,0.1
2,131.19681772699016,17.41936558720774,0.010015665377585232
3,128.38280914709443,16.023907710176715,0.010000156656229931
4,125.82799084680038,15.863668607658216,0.010000001566562543
5,1.9360904724186706e-15,6.224631322834989e-08,0.9999999960774109
