Iteration,Function,Gradient,Alpha
1,72477.64571382475,3806.6282412014107,0.1
2,25.306183344194793,7.238561152988419,0.010003526865721148
3,24.793755744746694,7.041840064181774,0.010000035268781602
4,24.3003599881121,6.971421661054809,0.010000000352687829
5,4.8688672478267556e-20,3.124867085417078e-10,0.9999999999552388
