Iteration,Function,Gradient,Alpha
1,405811.134673765,9008.93797712085,0.1
2,6.254219132926107,3.539478811325416,0.010000155673255785
3,6.12966376655326,3.501332251173333,0.0100000015567328
4,6.007683457409914,3.4663189286070932,0.010000000015567329
5,8.880345906480402e-29,1.3741002480269228e-14,0.9999999999999961
