Iteration,Function,Gradient,Alpha
1,183282.74290257608,6054.05063686537,0.1
2,24.849728947248096,7.097887303670031,0.010001369510878976
3,24.351849963365595,6.978803617149035,0.010000013695127546
4,23.86724814249128,6.909015580021698,0.010000000136951279
5,1.6394888814673434e-22,1.8172620178251732e-11,0.9999999999973792
