Iteration,Function,Gradient,Alpha
1,111842.97581648205,4727.829185845744,0.1
2,80.37816415134691,13.130792713474223,0.010007259343696015
3,78.7209032645058,12.547581700456313,0.010000072593963944
4,77.15435717638877,12.422105874318474,0.01000000072593969
5,1.1755171275702226e-17,4.852018519153564e-09,0.9999999996096706
