Iteration,Function,Gradient,Alpha
1,532992.3201464361,10324.089230215488,0.1
2,57.65193408676143,10.796459232489694,0.010001092592499426
3,56.49842401563058,10.629997555562403,0.010000010925936933
4,55.374105365497016,10.523697578845281,0.010000000109259373
5,9.807605977370061e-23,1.4068102224806912e-11,0.9999999999986693
