Iteration,Function,Gradient,Alpha
1,364996.5332611932,8541.340583437082,0.1
2,221.9329139315531,21.7050857510142,0.010006141867959712
3,217.38155961985342,20.850974059758805,0.010000061419056825
4,213.05566631905614,20.6424643063301,0.010000000614190605
5,1.1906336334539805e-17,4.883714913056014e-09,0.9999999997636045
