Iteration,Function,Gradient,Alpha
1,157652.18405365894,5615.166001991409,0.1
2,1.7205437925438756,1.8560390413477093,0.010000110237814129
3,1.686286190294148,1.8364564739160838,0.010000001102378264
4,1.6527290950704876,1.8180919091566783,0.010000000011023783
5,3.552647070147726e-30,2.7666491424869308e-15,0.9999999999999986
