Iteration,Function,Gradient,Alpha
1,467838.9149044211,9673.039223706523,0.1
2,0.4710301947896958,0.9706473078305974,0.010000010169912449
3,0.46165621957576636,0.9608914814647556,0.010000000101699127
4,0.452469260805279,0.9512825666491308,0.010000000001016992
5,5.0730632200504114e-39,1.007279824085682e-18,1.0
