Iteration,Function,Gradient,Alpha
1,314657.74653996946,7932.940724572845,0.1
2,0.0038036173779877366,0.08721951642018197,0.01000000012210212
3,0.0037279253461780406,0.08634726800748291,0.010000000001221022
4,5.556566368431476e-11,1.054188443157251e-05,0.999877912936045
5,6.716837706172615e-23,1.159037333839822e-10,1.0
