Iteration,Function,Gradient,Alpha
1,26440.554777570902,2299.5580704031513,0.1
2,0.7110190893975364,1.1941108564121428,0.010000271628679315
3,0.6968506860294915,1.1805513000539127,0.010000002716287532
4,0.6829833573400264,1.1687457870213063,0.010000000027162875
5,2.87643883770764e-28,2.4410988579882607e-14,0.9999999999999796
