Iteration,Function,Gradient,Alpha
1,262310.7298347089,7243.011554867921,0.1
2,4.601516519461275,3.036336608876347,0.010000177194326712
3,4.509865605110875,3.00328673459957,0.010000001771943583
4,4.420119279410942,2.973253867200358,0.010000000017719436
5,1.5006175482874408e-28,1.7772996481464018e-14,0.9999999999999942
