Iteration,Function,Gradient,Alpha
1,1163.03962845441,471.676075807761,0.1
2,52.40041763830527,23.6893921172832,0.010455307518466975
3,49.09808499122352,9.909402841737087,0.010004555149178338
4,48.12112823770235,9.810313780680291,0.009999016537692019
5,4.4748865295864e-07,0.0009507641156731538,0.999903572453698
6,4.4426733785561103e-07,0.009426211729593294,0.9999999999990483
7,4.1601691533643807e-07,0.009121588845551394,0.019676834243935404
8,3.817457073791807e-31,8.737809983635404e-16,0.01
