Iteration,Function,Gradient,Alpha
1,396680.0453026696,8906.343333798943,0.1
2,64.64506320139694,11.463770848975715,0.010001646116384858
3,63.34809115446131,11.255939867862141,0.010000016461190945
4,62.08746411984035,11.1433804673304,0.010000000164611913
5,1.2860823320801977e-21,5.0867258633302235e-11,0.9999999999954489
