Iteration,Function,Gradient,Alpha
1,19573.549216423904,1978.53320086286,0.1
2,0.5752879284436127,1.0742400022875853,0.010000296879776606
3,0.5638227874441598,1.0619065754049741,0.010000002968798648
4,0.5526027139408782,1.0512875096193983,0.010000000029687987
5,3.9150496087402238e-28,2.844320810765076e-14,0.9999999999999734
