Iteration,Function,Gradient,Alpha
1,31851.347312930415,2523.607515347948,0.1
2,8.291284311939853,4.125345970616747,0.01000262941998033
3,8.124129564351287,4.030912939856874,0.010000026294268941
4,7.962459381791043,3.9906038093980323,0.010000000262942697
5,2.7396417837095495e-21,7.416000426039649e-11,0.9999999999814513
