Iteration,Function,Gradient,Alpha
1,14461.66277397844,1700.3544738014407,0.1
2,5.5818836178604965,3.405708247209094,0.010003898782991481
3,5.468650050059051,3.307158916672242,0.010000038987981921
4,5.359823909841253,3.274087326215125,0.010000000389879835
5,1.9597629863754672e-20,1.982266094895217e-10,0.9999999999395326
