Iteration,Function,Gradient,Alpha
1,1012893.395264421,14231.449839524164,0.1
2,220.39480429534356,21.22440795720614,0.010002197876989994
3,215.9609929723521,20.782732879598655,0.010000021978818205
4,211.66336911822003,20.574905546233744,0.010000000219788186
5,2.4840336623116667e-20,2.233880042376409e-10,0.9999999999891671
