Iteration,Function,Gradient,Alpha
1,148374.40213816878,5445.999255851461,0.1
2,79.10618673841114,12.912326269065973,0.010005385408308282
3,77.48981200048063,12.44908125128952,0.010000053854373112
4,75.94776465904116,12.32459043206233,0.01000000053854376
5,1.9288938065459597e-18,1.965911569686696e-09,0.9999999998406351
