Iteration,Function,Gradient,Alpha
1,632391.4783577591,11243.421176566551,0.1
2,315.8484494724536,25.759461060748094,0.010005044983599267
3,309.4053617643358,24.875906486588228,0.010000050450090512
4,303.2481947561528,24.627147409156134,0.010000000504500933
5,5.205207273697227e-18,3.229649915551701e-09,0.9999999998689867
