Iteration,Function,Gradient,Alpha
1,772360.963120265,12428.572818980412,0.1
2,13.71326485352819,5.241728388577328,0.01000017934341391
3,13.440127359624874,5.184617123689053,0.010000001793434462
4,13.172668824691081,5.13277095235918,0.010000000017934347
5,4.834291856994279e-28,3.188621738631549e-14,0.999999999999994
