Iteration,Function,Gradient,Alpha
1,183912.77877847265,6064.760658751333,0.1
2,6.108046226185434,3.5010102200368984,0.010000335471292124
3,5.986293214177299,3.4601425445138245,0.010000003354714047
4,5.867165978817542,3.4255411189526077,0.010000000033547141
5,8.700648163069519e-27,1.3382825110961482e-13,0.9999999999999615
