Iteration,Function,Gradient,Alpha
1,2983822.469435518,24428.583432806816,0.1
2,43.58713646490003,9.343602085586571,0.010000147553742168
3,42.719115618238106,9.243280328783511,0.010000001475537638
4,41.8690052161871,9.150847525359287,0.010000000014755376
5,4.562634165952238e-28,3.1181499032780175e-14,0.9999999999999968
