Iteration,Function,Gradient,Alpha
1,18247.14548885565,1909.3229298083402,0.1
2,19.400086890674537,6.554585614138494,0.010010739356439766
3,18.99341706773958,6.16334601786718,0.010000107394717747
4,18.615448027701287,6.101712551030454,0.010000001073947294
5,2.9732711258312446e-17,7.714900584707166e-09,0.9999999987361996
