Iteration,Function,Gradient,Alpha
1,270378.0026157401,7353.374940780515,0.1
2,17.214737939579383,5.886500282187229,0.010000643123157548
3,16.871068457405656,5.80879823326748,0.010000006431235713
4,16.53533419295495,5.75071025056122,0.010000000064312358
5,1.2192000479612921e-24,1.573379559608803e-12,0.9999999999997286
