Iteration,Function,Gradient,Alpha
1,1106636.9394963796,14876.795745625715,0.1
2,41.26593750385984,9.10179813589848,0.010000376661753522
3,40.44320631100759,8.993687376266491,0.010000003766618954
4,39.63838650240233,8.903750502165066,0.01000000003766619
5,1.1761700078135175e-25,4.91290598123454e-13,0.9999999999999455
