Iteration,Function,Gradient,Alpha
1,385821.7920127206,8784.308912085644,0.1
2,1.362935818597147,1.65131592641582,0.010000035682351936
3,1.3358085802185196,1.6345082319881534,0.010000000356823531
4,1.3092259894627334,1.6181631496624396,0.010000000003568236
5,7.805067298769094e-36,3.950966286560566e-17,1.0
