Iteration,Function,Gradient,Alpha
1,782701.3007427579,12511.534922306559,0.1
2,8.682576757930603,4.1694857239089345,0.010000112051436963
3,8.50969714563888,4.125456858491888,0.010000001120514496
4,8.340354172251867,4.084202289860743,0.010000000011205143
5,1.9342275475154344e-29,6.456844725075905e-15,0.9999999999999986
