Iteration,Function,Gradient,Alpha
1,23759.49571415771,2178.9314968913372,0.1
2,20.593371577249446,6.692496616704315,0.010008755055090515
3,20.165726215463923,6.350704876720694,0.01000008755131742
4,19.764428228817206,6.287197822371618,0.010000000875513249
5,9.266689553672207e-18,4.3074500822491694e-09,0.9999999993152725
