Iteration,Function,Gradient,Alpha
1,551411.2843709256,10500.613264402966,0.1
2,95.93751798857242,13.973063936673626,0.01000175743149625
3,94.01166921781892,13.71216023957014,0.010000017574345847
4,92.14083696767084,13.575038634764237,0.010000000175743462
5,2.8263653731128093e-21,7.539398054048007e-11,0.9999999999944618
