Iteration,Function,Gradient,Alpha
1,721951.488820058,12015.187030568453,0.1
2,126.63520964941647,16.054813676759444,0.010001771789158813
3,124.09295575229828,15.753917338383195,0.01000001771792298
4,121.62350588929382,15.59637816220765,0.010000000177179233
5,3.9172760232737265e-21,8.875746327769257e-11,0.999999999994325
