Iteration,Function,Gradient,Alpha
1,64710.03197730475,3596.642041414604,0.1
2,30.567917353418288,8.003223193178625,0.010004771568189815
3,29.945179964970173,7.738886220252029,0.01000004771590958
4,29.34927085537548,7.661497354352539,0.01000000047715912
5,3.606153633444613e-19,8.501247727008458e-10,0.9999999998891542
