Iteration,Function,Gradient,Alpha
1,319470.71811533434,7992.6500543144175,0.1
2,57.86970474779593,10.856184180814493,0.010001829724977632
3,56.70761476607541,10.649658658011434,0.010000018297283256
4,55.57913321168608,10.543162069482388,0.010000000182972837
5,2.1712413078528e-21,6.607376435059802e-11,0.9999999999937499
