Iteration,Function,Gradient,Alpha
1,25335.99957745543,2250.576535718874,0.1
2,10.424890476809253,4.660041503478183,0.010004156234916581
3,10.213146579767498,4.51954568065751,0.010000041562521907
4,10.009904954425265,4.474350221970843,0.010000000415625238
5,5.37169307279177e-20,3.281572774471815e-10,0.9999999999267454
