Iteration,Function,Gradient,Alpha
1,596315.1704650407,10920.746351477665,0.1
2,1.649442054078527,1.8165367634587406,0.010000027939975613
3,1.616613593850918,1.7981176790471296,0.010000000279399764
4,1.5844429833243416,1.7801365022516344,0.010000000002793998
5,2.7803609185064102e-36,2.358118283083531e-17,1.0
