Iteration,Function,Gradient,Alpha
1,271125.54852018517,7362.2056543405815,0.1
2,114.0841350063006,15.422776279114682,0.010004250318547134
3,111.7658670200482,14.950977695129891,0.010000042503366125
4,109.54172617228994,14.801467911818067,0.010000000425033677
5,6.723378030249684e-19,1.1609376721444844e-09,0.9999999999216572
