Iteration,Function,Gradient,Alpha
1,135541.4926965418,5206.552483334823,0.1
2,0.5434012406592227,1.0427092558043296,0.010000040496098546
3,0.5325853769858275,1.032071099281273,0.010000000404961002
4,0.5219869279795392,1.0217503882842807,0.010000000004049608
5,2.4657762235906785e-32,2.2466774607483577e-16,0.9999999999999999
