Iteration,Function,Gradient,Alpha
1,125558.60043242188,5010.886768085195,0.1
2,13.534183937338408,5.230971044087645,0.010001088806967763
3,13.26339466880453,5.150416423708806,0.010000010888081534
4,12.999453112035942,5.098912258910903,0.010000000108880816
5,2.255113460529972e-23,6.745975853765332e-12,0.9999999999986829
