Iteration,Function,Gradient,Alpha
1,1272156.789332407,15950.902270939541,0.1
2,0.36931672235679336,0.8594504665137971,0.010000002932399516
3,0.3619672123450479,0.850843360842697,0.010000000029323995
4,0.3547640648191713,0.8423349272340205,0.01000000000029324
5,7.927700463376242e-42,3.9818840925813603e-20,1.0
