Iteration,Function,Gradient,Alpha
1,46104.619615664495,3036.573773784871,0.1
2,0.7110264634756667,1.193427056177842,0.010000155778025708
3,0.6968660693626848,1.1805643306170865,0.0100000015577805
4,0.6829984345608732,1.168758687292525,0.010000000015577805
5,9.867218533530936e-30,4.5839902142328996e-15,0.9999999999999961
