Iteration,Function,Gradient,Alpha
1,120723.51500006006,4913.401932573636,0.1
2,15.765080775189103,5.652080447803031,0.010001319075677422
3,15.44929678947114,5.558650337891654,0.010000013190774175
4,15.141855779325654,5.503063833779444,0.010000000131907744
5,8.303821292293391e-23,1.293485039852115e-11,0.9999999999976583
