Iteration,Function,Gradient,Alpha
1,43503.062716199376,2949.5925277182523,0.1
2,2.556645387351784,2.267960095106224,0.010000593629844777
3,2.5056178706142487,2.238578955772726,0.010000005936301973
4,2.455756074694518,2.2161931660821077,0.010000000059363022
5,1.1165194218350317e-25,4.764431987265053e-13,0.9999999999997867
