Iteration,Function,Gradient,Alpha
1,373806.6703854437,8645.453544397233,0.1
2,86.48209075897637,13.304333207844543,0.010002336926019737
3,84.74108970427577,13.018532152611277,0.010000023369314812
4,83.05474197994981,12.888346828041975,0.010000000233693155
5,1.4083189283236432e-20,1.681799835817276e-10,0.9999999999869785
