Iteration,Function,Gradient,Alpha
1,529339.6077579848,10288.829836265704,0.1
2,39.11854260695462,8.878122515673168,0.010000746471804033
3,38.33719235870429,8.756391078372923,0.010000007464723612
4,37.57428222509978,8.668827166935534,0.010000000074647237
5,6.767811071511233e-24,3.703152042435366e-12,0.9999999999995756
