Iteration,Function,Gradient,Alpha
1,150089.4937696816,5476.324669095936,0.1
2,137.57198942667605,17.337678240265586,0.010009258669717578
3,134.7082986563503,16.41391474678976,0.010000092587554412
4,132.02760326612636,16.24977558405816,0.010000000925875632
5,8.658537142769187e-17,1.316639865226001e-08,0.9999999991901817
