Iteration,Function,Gradient,Alpha
1,174054.22911470284,5900.047515602634,0.1
2,1.4114374745270988,1.6808293112317678,0.010000081910939132
3,1.383338420983921,1.6633330520277176,0.010000000819109458
4,1.3558099863839055,1.646699721493816,0.010000000008191094
5,3.949456846181452e-31,9.444084427560348e-16,0.9999999999999994
