Iteration,Function,Gradient,Alpha
1,613627.2671173799,11077.725120212728,0.1
2,46.828516241800244,9.714882076340134,0.010000770851800808
3,45.89305464260188,9.580506734260156,0.010000007708523951
4,44.97978284820951,9.484701666179017,0.01000000007708524
5,9.830493856905001e-24,4.462153191638651e-12,0.9999999999995326
