Iteration,Function,Gradient,Alpha
1,1530.3087988297798,553.2284848944746,0.1
2,1.6173234564077423e-05,0.005687398672432136,0.010000000106753624
3,1.585138702528951e-05,0.005630521649952073,0.010000000001067539
4,1.8060878676155102e-13,6.010137881306101e-07,0.9998932578852378
