Iteration,Function,Gradient,Alpha
1,825346.5596000912,12847.522094271793,0.1
2,51.9186536394916,10.222380110759993,0.010000635407242373
3,50.88220602705846,10.08783485462154,0.01000000635407646
4,49.869650120718475,9.986956505434323,0.010000000063540767
5,3.4144714847559435e-24,2.6333148739773295e-12,0.9999999999997383
