Iteration,Function,Gradient,Alpha
1,655199.2673592275,11446.581371447153,0.1
2,77.36960871537461,12.51338100378515,0.010001192785431353
3,75.8208165156669,12.314285729644917,0.010000011927868539
4,74.31198224909836,12.191142870879528,0.01000000011927869
5,2.228017865970653e-22,2.1195868730532766e-11,0.9999999999982685
