Iteration,Function,Gradient,Alpha
1,105986.99166625437,4602.385294619374,0.1
2,76.52247258828754,12.813989743893586,0.010007292970113895
3,74.94445507142956,12.242912649506748,0.010000072930233016
4,73.45306030728398,12.120483514058668,0.010000000729302386
5,1.150590617249813e-17,4.800285116522543e-09,0.9999999996042213
