Iteration,Function,Gradient,Alpha
1,268822.274774854,7332.090780160284,0.1
2,24.255933174916997,6.996711533511615,0.010000911418712516
3,23.771051242681246,6.895078134826527,0.010000009114195432
4,23.298007318662137,6.826127352849804,0.010000000091141955
5,1.390438246346315e-23,5.30167560031316e-12,0.9999999999992275
