Iteration,Function,Gradient,Alpha
1,2373.113853323464,687.689235529422,0.1
2,8.476280427843294,4.800736163118721,0.010036080070308135
3,8.277428604892464,4.06876605590923,0.010000360813721266
4,8.112707716480935,4.028078379694451,0.010000003608138512
5,1.8634829250741544e-14,1.930797302966045e-07,0.9999999520731154
