Iteration,Function,Gradient,Alpha
1,16227.571791680852,1799.4341226642289,0.1
2,37.46470981623172,9.610562964044611,0.010023320822845835
3,36.632849002552504,8.55953842298677,0.01000023321366719
4,35.90385513819777,8.473943018241009,0.010000002332137216
5,6.01349197080751e-15,1.096906484614942e-07,0.9999999870582827
