Iteration,Function,Gradient,Alpha
1,941659.7142981198,13722.944923354107,0.1
2,62.995390127573835,11.262419514622277,0.010000675740393967
3,61.73756702154762,11.11193655683363,0.010000006757408504
4,60.50898942955853,11.000817190514397,0.010000000067574085
5,6.0001658327587066e-24,3.4891695400186453e-12,0.9999999999996851
