Iteration,Function,Gradient,Alpha
1,68000.2895083225,3687.4480429326627,0.1
2,13.787714806366159,5.304722541165058,0.010002048081495735
3,13.510543697165632,5.198181162131004,0.010000020480856903
4,13.241683872113217,5.146199349444834,0.010000000204808573
5,1.0174513492559975e-21,4.521769685689101e-11,0.9999999999912346
