Iteration,Function,Gradient,Alpha
1,94363.38571801118,4343.510344295842,0.1
2,32.65670792915627,8.221665568526292,0.010003495708625906
3,31.99553945595238,7.999442412564306,0.01000003495720846
4,31.358828198632988,7.919447985640538,0.010000000349572097
5,5.957350428148304e-20,3.4566031334542746e-10,0.9999999999564146
