Iteration,Function,Gradient,Alpha
1,1477064.1111022227,17187.482412337333,0.1
2,16.189380318983492,5.693382781808025,0.010000110712264408
3,15.86703417317933,5.633299951747524,0.010000001107122767
4,15.551280192785239,5.576966952167681,0.01000000001107123
5,2.527020770466833e-29,7.471201071670885e-15,0.9999999999999987
