Iteration,Function,Gradient,Alpha
1,2092.4878915038926,646.8999201485938,0.1
2,0.08945830596091225,0.42389764304265054,0.01000043183984479
3,0.08767426053813256,0.41874636843352475,0.010000004318400313
4,0.08592954274592718,0.4145589047311062,0.010000000043184003
5,5.809873081905582e-28,3.447185234855696e-14,0.9999999999999177
