Iteration,Function,Gradient,Alpha
1,27138.083060106786,2329.648026732293,0.1
2,1.7656985035897714,1.885365769837662,0.0100006572074461
3,1.7304462053527918,1.8603473897919156,0.01000000657207878
4,1.6960103256410932,1.8417439157717304,0.010000000065720787
5,1.423716029317652e-25,5.375746347525398e-13,0.9999999999997103
