Iteration,Function,Gradient,Alpha
1,1455.5847602200922,538.8483532398775,0.1
2,3.768782955876421,3.0828244328648444,0.010026154107598459
3,3.6840493376519055,2.714424188782745,0.010000261547916538
4,3.6107367367475716,2.6872799395476354,0.010000002615479852
5,1.203275161342492e-15,4.906579385896115e-08,0.99999998174492
