Iteration,Function,Gradient,Alpha
1,140959.52462908992,5309.191239741933,0.1
2,21.750218268013484,6.64667801986165,0.010001558600037033
3,21.314032687156555,6.529017182877891,0.010000015586024662
4,20.889883430104554,6.463727010031373,0.01000000015586025
5,3.1177644679286244e-22,2.5049424613515075e-11,0.9999999999961369
