Iteration,Function,Gradient,Alpha
1,1184.0853595932226,477.0980650871883,
2,967.8393268146763,429.40858977917395,0.010000026619414746
3,792.662588623151,386.490274675158,0.010000032797780722
4,45.330766340646555,9.523558630593525,0.010000040410145322
5,44.427952142607694,9.426340981473269,0.010000000000015519
6,0.06697170819245091,0.3661531814807165,0.010000093126701215
7,0.006174428022119084,1.1112540683497243,0.9999999999997414
8,50.55673036584483,100.55518919065771,0.9999999999999999
9,1.1449525860960544e-19,4.785295364125509e-10,0.010000000000002921
