Iteration,Function,Gradient,Alpha
1,6409.207541211257,1126.2046882356838,
2,5204.280639143206,1013.5968700143029,0.010000007014535394
3,4228.264216229091,912.2512109437331,0.010000008642609052
4,66.5802234607424,11.540131133336153,0.010000010648558587
5,65.25499372056764,11.424096788871575,0.010000000000000283
6,0.007242753897556176,0.12037052185125509,0.010000024540005118
7,0.00017595941363981562,0.18759499654298653,0.9999999999999996
8,1.6421579627599454,18.122681715242617,1.0
9,3.2811510537460668e-25,8.100850803661262e-13,0.010000000000000054
