Iteration,Function,Gradient,Alpha
1,1197.5284779284398,489.23842709622966,
2,970.1418755797076,440.31491099037913,0.01000000041683025
3,785.9584402041276,396.28378205869865,0.010000000513576511
4,0.7467179146096067,1.2220659881308997,0.01000000063277761
5,0.731858039305779,1.2098413443966771,0.01
6,2.9266725848586275e-07,0.0007650771547165687,0.010000001458259931
7,4.225170250059044e-10,0.00029069469379605276,1.0
8,4.128916698956523e-06,0.0287364461927933,1.0
9,2.154521963388731e-39,6.564330831682283e-20,0.009999999999999998
