Iteration,Function,Gradient,Alpha
1,1712.3816708023662,578.6216337787662,
2,1394.3149888098558,520.7734610011678,0.01000001510092972
3,1136.6664120108383,468.71162847265583,0.010000018605855454
4,37.83119583074525,8.699410133797352,0.010000022924274416
5,37.07800850083883,8.611388796458924,0.010000000000002833
6,0.018613428051436478,0.19299358251748155,0.010000052829854618
7,0.0009735061023496269,0.4412496124303401,0.9999999999999849
8,8.59909095307516,41.47069074195693,1.0
9,3.6821149126143016e-22,2.7137114484094662e-11,0.01000000000000053
