Iteration,Function,Gradient,Alpha
1,8969.849904235167,1330.6354763872557,
2,7287.776982160932,1197.5904649110796,0.010000008699166462
3,5925.2535403599,1077.851972630206,0.010000010718242993
4,115.26464905857708,15.184193809821645,0.010000013205947157
5,112.97027431541406,15.031318925232464,0.010000000000000541
6,0.01918645912289934,0.19591987258069088,0.010000030433603464
7,0.0005780721980233363,0.34002123404968,0.9999999999999991
8,5.3327761855633415,32.6581572828699,1.0
9,4.8074639901322994e-24,3.100794733655325e-12,0.010000000000000103
