Iteration,Function,Gradient,Alpha
1,17745.70446407176,1878.4550540622552,
2,14393.53046969499,1690.6210887465406,0.010000003836110067
3,11678.230534052067,1521.5717764653677,0.010000004726471197
4,101.30382032674896,14.234445527399556,0.010000005823485147
5,99.28763857509428,14.091674036475608,0.010000000000000047
6,0.0033278778850173267,0.08158828960480852,0.010000013420441389
7,4.421491486667474e-05,0.09403713613958556,1.0
8,0.42183604172924316,9.185162401713354,0.9999999999999999
9,1.233113728063956e-27,4.968031931029485e-14,0.010000000000000009
