Iteration,Function,Gradient,Alpha
1,13837.428309589688,1653.452024167506,
2,11240.203102144402,1488.128248936861,0.010000008092564709
3,9136.386943657135,1339.3391840537595,0.010000009970848973
4,165.56699618150617,18.198205197182723,0.010000012285082988
5,162.2714002169822,18.015071480162916,0.010000000000000436
6,0.023893913124591794,0.21863521132546587,0.010000028311437271
7,0.0006697044157129138,0.36597934797278214,0.9999999999999993
8,6.20387011710294,35.224622402810624,1.0
9,3.371979552534963e-24,2.5969192540008333e-12,0.010000000000000083
