Iteration,Function,Gradient,Alpha
1,1879.4541542462325,608.4130924972341,
2,1527.7931255104234,547.58170927269,0.010000010188358588
3,1242.9368271485366,492.8345449928108,0.010000012553076608
4,28.222245064184595,7.513535797754308,0.010000015466645636
5,27.660447970991033,7.437801821940629,0.010000000000000871
6,0.00641487369052367,0.1132886593251496,0.010000035643468309
7,0.0002263610564042334,0.21277267512734496,0.9999999999999979
8,2.067043670822738,20.33245519273429,1.0
9,5.632461067452377e-24,3.356326825800392e-12,0.010000000000000163
