Iteration,Function,Gradient,Alpha
1,931.5657687168822,431.1458341579332,
2,754.9731617090133,388.0322941851698,0.010000001511161287
3,611.9323406594319,349.2302218267217,0.01000000186190183
4,2.1023647456822205,2.050567226380819,0.010000002294049237
5,2.0605257601086153,2.0300373199075303,0.010000000000000002
6,1.0793775163818937e-05,0.004646363266151661,0.010000005286723096
7,5.649303357985074e-08,0.0033613400179050837,1.0000000000000002
8,0.0005478217276095142,0.33100505361988486,1.0
9,2.3579371320553846e-33,6.867222338115149e-17,0.01
