Iteration,Function,Gradient,Alpha
1,3508.4347423250138,828.8865294863594,
2,2855.727190464419,746.0165024295073,0.010000014033838761
3,2327.006297254024,671.4355056761976,0.0100000172910927
4,72.14909744827882,12.013697874969884,0.010000021304355192
5,70.71271622538933,11.892242532592167,0.010000000000002276
6,0.03075693923848002,0.24808079249875553,0.010000049096689846
7,0.001494955920736466,0.5468008633381015,0.9999999999999896
8,13.300171505510862,51.57552036676094,1.0000000000000002
9,3.409664068532591e-22,2.6113845671088727e-11,0.01000000000000043
