Iteration,Function,Gradient,Alpha
1,900.6244134843465,405.0472898459867,
2,744.756241035504,364.58439298961383,0.010000064552701086
3,618.4725356701813,328.1723349800574,0.010000079535381816
4,79.18610947468555,12.590767059358091,0.010000097995542105
5,77.60720530166903,12.458507573011659,0.010000000000221275
6,0.6170790841766156,1.11218040761912,0.010000225834398878
7,0.13796092988939884,5.252826475134485,0.9999999999783192
8,2.3847935083548006,21.839384187081713,0.9999999999999997
9,2.6636112306231354e-14,2.3080776549428513e-07,0.010000000000000004
