Iteration,Function,Gradient,Alpha
1,4025.9422741063245,893.411506380785,
2,3267.663858191877,804.0786268870316,0.010000005781099055
3,2653.445046719458,723.679935882266,0.010000007122892157
4,34.53293591637434,8.31095260051707,0.010000008776115387
5,33.84560939382822,8.227467337386642,0.01000000000000016
6,0.002561191053369818,0.07157805600006467,0.010000020224889173
7,5.1281703416987004e-05,0.10127359321855525,0.9999999999999999
8,0.4826886561468068,9.825361633515652,1.0
9,2.4909104859572307e-26,2.2319993216653228e-13,0.01000000000000003
