Iteration,Function,Gradient,Alpha
1,7565.698841683785,1228.7648692909984,
2,6131.32725454808,1105.8911956556055,0.010000001429591584
3,4969.480049693784,995.305195714447,0.010000001761399799
4,16.1547025615563,5.684197947675368,0.010000002170220705
5,15.833209971678778,5.627292416727455,0.010000000000000002
6,7.424633270092205e-05,0.012186061383576164,0.010000005001355545
7,3.676188008827516e-07,0.008574599709406282,1.0
8,0.003566901756274863,0.8446184649029245,1.0
9,1.0408751831268467e-32,1.4428272128892265e-16,0.01
