Iteration,Function,Gradient,Alpha
1,2275.953626943289,673.963044487468,
2,1844.438268605186,606.5682498967151,0.010000001398831814
3,1494.9089976055914,545.9130991688232,0.010000001723500669
4,4.755402507677264,3.0839920524623174,0.01000000212352518
5,4.6607659627520865,3.0531183936271424,0.010000000000000002
6,2.092720531364932e-05,0.006469656781776734,0.010000004893743964
7,1.0138821120685859e-07,0.004503070312727941,0.9999999999999999
8,0.000983954099060281,0.44361111326482366,1.0000000000000002
9,2.5033638356434e-33,1.1160044748161547e-16,0.009999999999999998
