Iteration,Function,Gradient,Alpha
1,18441.83307077204,1914.6263693719966,
2,14959.317356952246,1723.1761703081534,0.010000004056451583
3,12138.43678505153,1550.87234539962,0.010000004997954002
4,111.28740880468908,14.919400916650492,0.010000006157979122
5,109.07251553695973,14.769733615540913,0.010000000000000056
6,0.0040851342725258255,0.090395951294005,0.010000014191295373
7,5.739353216908538e-05,0.10713872518290049,1.0000000000000002
8,0.54672738354983,10.456838753178037,1.0
9,2.3627258810376115e-27,6.874192143135965e-14,0.01000000000000001
