Iteration,Function,Gradient,Alpha
1,17112.30230641768,1849.7775111827686,
2,13861.708915773837,1664.8002069936022,0.01000000015086063
3,11228.72678200122,1498.3206818893145,0.010000000185875364
4,3.863428452907058,2.77972563423637,0.010000000229017019
5,3.786545873151322,2.751925098236259,0.01
6,1.9850792045191166e-07,0.0006300935932600941,0.010000000527778361
7,1.0372049788195137e-10,0.00014402812078337436,1.0
8,1.0154815854613078e-06,0.01425118651524362,1.0
9,4.103374344483151e-43,9.05911071185594e-22,0.009999999999999998
