Iteration,Function,Gradient,Alpha
1,1991.4121999293814,615.9592073083899,
2,1630.9673037673415,554.3956171802885,0.01000003279053011
3,1338.971108955862,498.99190421114673,0.010000040401211852
4,93.06575638275939,13.646397527109428,0.010000049778332656
5,91.21189674814957,13.506435264317766,0.010000000000029001
6,0.20489252519267592,0.6405116190794516,0.01000011471604018
7,0.023269146262868298,2.1572735692474483,0.9999999999992665
8,1.4393726337877826,16.966865554885395,1.0
9,1.4029149021423651e-16,1.6750611344917554e-08,0.009999999999999998
