Iteration,Function,Gradient,Alpha
1,2746.148017463536,738.9057308936561,
2,2227.46379831125,665.0197951322931,0.01000000391888045
3,1807.3234160734708,598.5229578656932,0.010000004828452603
4,16.01299891648069,5.659320021180465,0.010000005949136442
5,15.694302172905317,5.602553377329499,0.010000000000000049
6,0.0005488409978903767,0.03313355531602977,0.010000013710009506
7,7.449358931974065e-06,0.03859885731980693,1.0000000000000002
8,0.07103022137880141,3.7690906430809386,1.0000000000000002
9,2.411025506980604e-28,2.1970019778265033e-14,0.010000000000000007
