Iteration,Function,Gradient,Alpha
1,967.7974384904229,423.1809052293752,
2,797.6622251626335,380.8989055196681,0.010000053296853257
3,659.8252235134532,342.84903147798025,0.010000065667052072
4,71.37609816488727,11.952727465965394,0.010000080908373619
5,69.95340633100885,11.828221034299776,0.010000000000124536
6,0.39135403407473546,0.8855322975993555,0.010000186456382988
7,0.07223938796056042,3.801036383949894,0.9999999999916821
8,1.7998016011073223,18.972620278218383,1.0000000000000002
9,5.257202414699338e-15,1.025397719394717e-07,0.010000000000000002
