Iteration,Function,Gradient,Alpha
1,6876.084820444214,1169.182112878945,
2,5577.443232946436,1052.2713279608035,0.010000003966230733
3,4525.527925830994,947.0524301270162,0.010000004886792856
4,40.576498662251986,9.00876703870862,0.010000006021017502
5,39.76892871742459,8.918399936921983,0.01000000000000005
6,0.0014243531064599619,0.05337697527230103,0.0100000138756621
7,1.9566176843582823e-05,0.0625558579888132,1.0000000000000002
8,0.18650346376024554,6.107429307986226,0.9999999999999999
9,6.885751648894082e-28,3.7109976148992825e-14,0.010000000000000009
