Iteration,Function,Gradient,Alpha
1,6571.435090666418,1143.7779903064354,
2,5328.615374648948,1029.4057799046277,0.010000003050989078
3,4321.919904525331,926.4713990512463,0.010000003759123638
4,29.871881380629226,7.72958794902988,0.010000004631616221
5,29.277375657582446,7.652107638760617,0.010000000000000024
6,0.0006222195042499223,0.03527848971361207,0.010000010673734466
7,6.574984692296068e-06,0.03626288651581964,1.0
8,0.06307402168263876,3.551732582350162,1.0000000000000002
9,3.7115266821186515e-29,8.615714343127506e-15,0.010000000000000007
