Iteration,Function,Gradient,Alpha
1,4998.018381869481,999.8010445347346,
2,4048.396358875511,899.8209417144319,0.01000000000101996
3,3279.2025173127427,809.8388493539954,0.010000000001256676
4,0.007630620747158704,0.12353639840392341,0.010000000001548335
5,0.007478771389569323,0.12230103343446713,0.01
6,1.792916301830933e-14,1.8936295127642053e-07,0.010000000003568201
