Iteration,Function,Gradient,Alpha
1,299.7595832831581,241.94540204678478,
2,244.1481774206143,217.757028963252,0.010000015919626659
3,199.10025418494624,195.9881645097468,0.010000019614571927
4,6.972991611484686,3.734883339072643,0.010000024167113958
5,6.834161743153681,3.697069581000741,0.010000000000003319
6,0.003803545698561788,0.0872429256095998,0.010000055694025132
7,0.00020971525262403876,0.2048000256953298,0.9999999999999801
8,1.842305041626787,19.195338192523657,0.9999999999999998
9,1.141591379081975e-22,1.5110204360510648e-11,0.010000000000000625
