Iteration,Function,Gradient,Alpha
1,3955.5746327093843,889.359204026806,
2,3204.1627510451735,800.4234676499236,0.010000000129198681
3,2595.5188324473597,720.3813249492463,0.01000000015918569
4,0.7648400893235823,1.236803613695316,0.010000000196132678
5,0.7496197116053055,1.2244343278471945,0.009999999999999998
6,2.882497029263866e-08,0.0002401045629724858,0.010000000451995162
7,1.289845908872008e-11,5.079066664008276e-05,1.0
8,1.2630244172079042e-07,0.005025981331457379,1.0
9,1.8812738731106103e-44,1.939728781613868e-22,0.009999999999999997
