Iteration,Function,Gradient,Alpha
1,284.33246617340905,237.66140847419925,
2,230.6734765752875,213.89697022417405,0.010000004473427866
3,187.20896700703838,192.5091611782096,0.01000000551171049
4,1.8909786068964602,1.944791517237413,0.010000006790978469
5,1.8533430014106549,1.925275565425386,0.010000000000000073
6,8.431083561076402e-05,0.012986456814060585,0.010000015650066233
7,1.3062734154661111e-06,0.016163374743327033,1.0
8,0.012407408854038628,1.5752719672512825,1.0
9,1.0636125771627976e-28,1.4585009956546465e-14,0.010000000000000012
