Iteration,Function,Gradient,Alpha
1,16846.368991767573,1835.3916814428671,
2,13646.139193086361,1651.852864606998,0.01000000011951333
3,11053.95189611538,1486.6679677085974,0.010000000147252344
4,3.013228329856978,2.454886472627785,0.010000000181429622
5,2.9532648676480275,2.430335313345888,0.01
6,9.717613272632697e-08,0.00044085493993103835,0.010000000418111398
7,4.022414280099326e-11,8.969296828736716e-05,0.9999999999999999
8,3.9390403461049494e-07,0.008875855278343546,1.0
9,9.183580052920822e-39,1.3552527380655123e-18,0.009999999999999998
