Iteration,Function,Gradient,Alpha
1,2986.423942025232,767.2843220226046,
2,2427.130692965837,690.5676589338788,0.01000000957878742
3,1974.0869147551757,621.5239434445741,0.01000001180202396
4,42.20049408883399,9.187668971969655,0.010000014541273671
5,41.360459056865174,9.0951040738591,0.010000000000000722
6,0.008494279509604982,0.13036200374914908,0.010000033510913754
7,0.00028180361260654276,0.23740413332818902,0.9999999999999982
8,2.584058717243578,22.73349386805107,1.0
9,4.571882528424245e-24,3.0238671735926282e-12,0.010000000000000132
