Iteration,Function,Gradient,Alpha
1,5035.322482546202,994.6149226877882,
2,4095.5176775085915,895.1723168888839,0.010000011858642764
3,3334.2419894013015,805.6760277244514,0.010000014611033706
4,87.78572060968538,13.251530024124182,0.010000018002254576
5,86.03815330330919,13.117785888212193,0.010000000000001372
6,0.026896396306436688,0.2319808385809148,0.010000041486874603
7,0.001104684360577265,0.47003922401801,0.9999999999999957
8,9.973591363250494,44.66226900472141,1.0000000000000002
9,7.865303182301018e-23,1.2542171408732236e-11,0.010000000000000259
