Iteration,Function,Gradient,Alpha
1,1182.2157340146284,481.15685201248897,
2,962.2769479727062,433.0519790511088,0.010000014034065124
3,784.1171715541112,389.75877039658627,0.010000017291371585
4,24.312022682512648,6.973837146749678,0.010000021304698853
5,23.828006466821076,6.9033334654155105,0.010000000000002274
6,0.01036446810497566,0.14401081051664666,0.010000049097481777
7,0.0005037781153401587,0.3174202625353834,0.9999999999999895
8,4.4819549718523675,29.939789484404756,1.0000000000000002
9,1.149134645311148e-22,1.5160043834442882e-11,0.010000000000000427
