Iteration,Function,Gradient,Alpha
1,557.7699804441771,329.30386184575656,
2,454.74944220764337,296.38344857900603,0.010000018915345951
3,371.2968976757133,266.7561621746691,0.01000002330559766
4,15.347555731623213,5.5411122968228925,0.010000028714826716
5,15.041963278993952,5.484881635884472,0.010000000000005569
6,0.011713454260029807,0.15310914745262771,0.010000066174400198
7,0.0007673744151080621,0.39175870509997907,0.9999999999999531
8,6.608103196969678,36.35410072321877,1.0
9,1.3689758920614566e-21,5.2325441370614765e-11,0.010000000000001048
