Iteration,Function,Gradient,Alpha
1,1423.9321809348553,533.2913872370499,
2,1153.7522690524563,479.96301357810523,0.010000000895768028
3,934.905806389925,431.9675605914474,0.010000001103675831
4,1.9066795960942056,1.9527957004575105,0.010000001359838953
5,1.8687356361157408,1.933254063032457,0.01
6,3.446122508945817e-06,0.002625349692329524,0.010000003133800239
7,1.0691461593023557e-08,0.001462290093861239,1.0000000000000002
8,0.0001041267546425687,0.14430991278673042,1.0000000000000002
9,1.1521308453228881e-35,4.800272586682736e-18,0.01
