Iteration,Function,Gradient,Alpha
1,921.8846970376936,426.84282852122084,
2,748.7985457211233,384.1639390843942,0.010000007890546583
3,608.5946213444014,345.7535257865341,0.010000009721942406
4,10.758428131982678,4.638904357400831,0.010000011978405235
5,10.544283919190587,4.592229070774496,0.010000000000000406
6,0.0014769642401726462,0.05435755605985446,0.01000002760468682
7,4.0363312486022646e-05,0.08984799662321097,0.9999999999999994
8,0.37442891616636165,8.653657217227426,1.0000000000000002
9,1.7050549756047402e-25,5.839614671542533e-13,0.010000000000000078
