Iteration,Function,Gradient,Alpha
1,1152.8828408380534,480.1283655248066,
2,933.8857291652142,432.1156461356217,0.010000000152366986
3,756.4979675046698,388.90421144322727,0.01000000018773137
4,0.26288371315172326,0.72509905697334,0.010000000231303841
5,0.2576523029632651,0.7178472023533491,0.009999999999999998
6,1.377833681626663e-08,0.00016600247143623624,0.01000000053304842
7,7.271075056105217e-12,3.813417117522083e-05,1.0
8,7.118712702642749e-08,0.0037732513042846084,1.0
9,3.3109432385893645e-44,2.57330264002871e-22,0.009999999999999998
