Iteration,Function,Gradient,Alpha
1,5.8819452262163665,34.29009582120069,
2,4.7649247991736905,30.86110403384571,0.0100000003240272
3,3.8601371554864103,27.775013362885502,0.010000000399233917
4,0.002851515547178651,0.07551860133333872,0.01000000049189611
5,0.0027947698273221152,0.07476322394495995,0.009999999999999998
6,6.755560684966457e-10,3.6757685633160016e-05,0.010000001133593152
7,7.581475898788979e-13,1.2313793809211667e-05,1.0
8,7.4136169790342154e-09,0.0012176713003954898,1.0
9,6.6654361982951984e-43,1.1545939717749438e-21,0.009999999999999997
