Iteration,Function,Gradient,Alpha
1,6623.8679760247505,1150.8746116792609,
2,5365.581092195558,1035.7873899732617,0.010000000129916711
3,4346.368220478711,932.208916512803,0.010000000160070376
4,1.2878913077856224,1.6049260716928315,0.010000000197222697
5,1.2622621692673326,1.588875180287824,0.010000000000000002
6,4.9078401071477805e-08,0.00031330057177197967,0.01000000045450718
7,2.208341984104476e-11,6.645813696011161e-05,1.0
8,2.1624100059267013e-07,0.006576336375105369,0.9999999999999999
9,2.9722392892289185e-44,2.4381301397706064e-22,0.010000000000000002
