Iteration,Function,Gradient,Alpha
1,112.19934751705705,14.988827794145028,
2,111.97480820407426,14.972150477836143,0.06157577901469165
3,111.7507657804644,14.955809142751637,0.07278731478417744
4,8.042960032720545,37.92292959821805,0.08623801648815227
5,60467.04914552675,3477.557898094092,0.9999926033918716
6,0.08956145266712462,4.127420928648325,0.16965450175494953
7,0.004339600705279701,0.09316223167442593,0.009999999999999998
8,0.00425319841029561,0.09223012967892444,0.009999999999999997
9,1.2102226615262038e-22,1.555777738849325e-10,0.9999607186529791
