Iteration,Function,Gradient,Alpha
1,1103.5932759127916,450.2954580536775,
2,910.9566000183894,405.3079714532059,0.010000058375444931
3,754.8868174969124,364.82380793885886,0.010000071924384712
4,88.50955561631638,13.31074681213446,0.010000088618032922
5,86.74508143016403,13.171566465087633,0.010000000000163637
6,0.573895918513577,1.0724438683392183,0.010000204223580085
7,0.11602864034945612,4.817232407709658,0.9999999999868885
8,2.430954434148458,22.049736661232235,1.0
9,1.3427876782763028e-14,1.6387725151932208e-07,0.010000000000000002
