Iteration,Function,Gradient,Alpha
1,2901.969820187346,760.8550602279539,
2,2352.0136718759054,684.7716251432881,0.010000001699545468
3,1906.5463569267079,616.2967590637907,0.010000002094009974
4,7.363499146614918,3.8376266433905832,0.010000002580029699
5,7.216957922402335,3.7991993689204113,0.010000000000000002
6,4.7790675490563375e-05,0.009776862177132504,0.010000005945775861
7,2.813109511082248e-07,0.007500812637417692,0.9999999999999998
8,0.002724306894675536,0.7381472610090125,1.0000000000000002
9,2.668230416566378e-32,2.3100781010893886e-16,0.01
