Iteration,Function,Gradient,Alpha
1,435.96545622063815,290.94788756902665,
2,355.5460453948215,261.86231765800926,0.010000019790482496
3,290.40149698822376,235.68630817658547,0.01000002438385334
4,12.534648805673324,5.007677030762767,0.010000030043345563
5,12.285058821508485,4.95682535950013,0.010000000000006374
6,0.010445038000766073,0.14458402179692117,0.010000069236021826
7,0.0007159361840794881,0.3784008943117042,0.9999999999999414
8,6.129564281819137,35.0130383766366,0.9999999999999998
9,1.7427827699914597e-21,5.903867833872062e-11,0.010000000000001202
