Iteration,Function,Gradient,Alpha
1,1939.1649343756962,613.4059111342078,
2,1581.7056800644973,552.0852123867242,0.010000020255211973
3,1292.141730888069,496.898748706724,0.010000024956446526
4,57.0236402432614,10.680933882004581,0.010000030748837607
5,55.88816918412209,10.572432944969913,0.010000000000006835
6,0.04970648171098991,0.31540990598351654,0.010000070861854747
7,0.003487045794114235,0.835110267463433,0.999999999999934
8,29.763277765866878,77.15345457705297,0.9999999999999999
9,9.955366674591473e-21,1.41105398015749e-10,0.010000000000001289
