Iteration,Function,Gradient,Alpha
1,1399.0602999455082,511.4565219829104,
2,1150.5428026175405,460.3484601486097,0.010000045924757886
3,949.2090391665229,414.35529391412564,0.010000056583893606
4,89.84898984121487,13.409819494510476,0.01000006971701438
5,88.05849203417598,13.270907437273296,0.010000000000079674
6,0.37354805927251356,0.8650412850325289,0.010000160665478068
7,0.059415150588629596,3.4471771230566977,0.9999999999960489
8,1.9618038211496764,19.808098450632126,0.9999999999999999
9,2.0211696629143347e-15,6.357939387748754e-08,0.010000000000000004
