Iteration,Function,Gradient,Alpha
1,10339.934678912068,1437.324015759928,
2,8377.328325641085,1293.5931457604604,0.010000000665341069
3,6787.613219001379,1164.2355295320633,0.010000000819766729
4,10.28746256181342,4.535982025699224,0.0100000010100346
5,10.082737904942752,4.490598602623658,0.01
6,1.0265151425121774e-05,0.004531090456652375,0.010000002327662858
7,2.3654868073002617e-08,0.0021750801398110653,0.9999999999999998
8,0.0002307549957908886,0.21482783608782574,1.0000000000000002
9,3.1864614820021883e-36,2.5244648866649693e-18,0.01
