Iteration,Function,Gradient,Alpha
1,1654.4629374424665,569.2719125185484,
2,1346.5925415405138,512.3573640870893,0.010000013870034696
3,1097.2045722130702,461.135646789412,0.010000017089269671
4,33.63430228738644,8.20260741552195,0.010000021055689076
5,32.96469669503627,8.119691705447913,0.010000000000002196
6,0.014012330861477688,0.16744629061273725,0.010000048523629401
7,0.0006731265890045704,0.36691322925306746,0.9999999999999905
8,5.9952149314778955,34.627200093215436,1.0
9,1.4156848560336774e-22,1.682667530183743e-11,0.010000000000000417
