Iteration,Function,Gradient,Alpha
1,12758.414486372685,1597.1043104182743,
2,10335.20894657443,1437.3945007874831,0.010000000242942227
3,8372.410673805825,1293.6557397848858,0.01000000029932915
4,4.637960076805068,3.045645147340546,0.010000000368803405
5,4.545663987800443,3.0151829091451297,0.009999999999999998
6,6.178224950642519e-07,0.0011116004192778784,0.010000000849921396
7,5.19849507432123e-10,0.0003224436407907971,1.0000000000000002
8,5.086308016974682e-06,0.031894538770688256,1.0
9,5.981850951137617e-41,1.093787086332401e-20,0.010000000000000002
