Iteration,Function,Gradient,Alpha
1,4726.721222507357,961.7040636334141,
2,3848.0800170295397,865.5561122890329,0.010000014582444391
3,3136.3417883747384,779.0254004851797,0.010000017967029642
4,100.91919579941634,14.208556324348137,0.010000022137177138
5,98.91001112489101,14.064850594827805,0.010000000000002549
6,0.04637443399766673,0.30462466163903923,0.010000051015959308
7,0.0023421659145316503,0.6844217872820312,0.9999999999999871
8,20.760779583126848,64.43722461920105,0.9999999999999999
9,6.96105240819486e-22,3.7312336855776966e-11,0.01000000000000048
