Iteration,Function,Gradient,Alpha
1,202.0306441398931,200.8218089221526,
2,163.71767678312116,180.74003112332284,0.010000001253312157
3,132.6840275869314,162.6664749961023,0.010000001544205892
4,0.3782958707064935,0.8698310965046749,0.010000001902616098
5,0.37076749528263586,0.8611242596543682,0.010000000000000002
6,1.3370156765156967e-06,0.0016352824220644882,0.01000000438465065
7,5.803720644405736e-09,0.0010773783592040204,1.0000000000000002
8,5.638173740717453e-05,0.10619014776067931,0.9999999999999999
9,6.548262558360238e-35,1.1444005031771209e-17,0.01
