Iteration,Function,Gradient,Alpha
1,4076.656687632923,876.8052220628683,
2,3346.285388097998,789.1807010222502,0.01000003990530408
3,2754.596292725949,710.3247251350393,0.010000049167324701
4,229.4702589066098,21.429384918400483,0.010000060579060074
5,224.89824627746344,21.208406182220553,0.010000000000052274
6,0.7329092671963534,1.2115547395861153,0.010000139606720838
7,0.10129444403622102,4.5009875368905226,0.9999999999980426
8,4.353162275094493,29.50648157640789,1.0
9,1.67740630677349e-15,5.792074424199857e-08,0.010000000000000002
