Iteration,Function,Gradient,Alpha
1,3353.4674886356624,815.1133091596702,
2,2722.275125309417,733.6101113003446,0.010000006230678364
3,2210.9973840625885,660.2581187239033,0.01000000767681882
4,30.98048934567803,7.871901887865046,0.010000009458608433
5,30.363860518751682,7.792799306900197,0.010000000000000198
6,0.002665343639756506,0.07301951277072695,0.01000002179772013
7,5.75173051633616e-05,0.10725418888170438,0.9999999999999997
8,0.5396993748718153,10.389411676046102,0.9999999999999999
9,4.704554823206466e-26,3.067458282271729e-13,0.010000000000000038
