Iteration,Function,Gradient,Alpha
1,1789.83617364518,596.840623258692,
2,1451.4275062993688,537.1596516534643,0.010000003233551507
3,1177.3131669981738,483.44711373532147,0.010000003984058837
4,8.62052576357238,4.152336432464734,0.010000004908758844
5,8.448960392326958,4.110708063662344,0.010000000000000026
6,0.00020158167610560409,0.020080063737244722,0.010000011312420126
7,2.257570289686177e-06,0.021248860156188036,1.0000000000000002
8,0.021629319356662485,2.0798711189235974,0.9999999999999999
9,1.91169006041642e-29,6.183348705056864e-15,0.010000000000000005
