Iteration,Function,Gradient,Alpha
1,4638.363184336097,959.9067923602217,
2,3763.010061024347,863.9229839974446,0.010000004469613664
3,3053.962165314288,777.5383045727065,0.01000000550701097
4,30.82172809574312,7.85160103502387,0.010000006785188247
5,30.208292142567746,7.772810578238729,0.010000000000000073
6,0.001371885617568008,0.0523851149694007,0.010000015636722431
7,2.1237243451874688e-05,0.06517245346290822,0.9999999999999998
8,0.2017235841385062,6.351749115613843,1.0
9,1.7189609167599896e-27,5.863379429578116e-14,0.010000000000000014
