Iteration,Function,Gradient,Alpha
1,4636.266616752219,946.0955297607445,
2,3785.9086246046604,851.5218341246537,0.010000023673663124
3,3097.057616167732,766.4094106893505,0.010000029168320186
4,158.53844261029047,17.809852240046354,0.010000035938287067
5,155.3812509895529,17.628457164852023,0.010000000000010915
6,0.18687230310266265,0.6115996592300326,0.010000082821135995
7,0.015322079428019966,1.7505473103015492,0.9999999999998563
8,127.88035697310573,159.9252056263213,1.0000000000000002
9,1.2743276181102448e-19,5.048420779036242e-10,0.010000000000002052
