Iteration,Function,Gradient,Alpha
1,7208.995469372794,1198.1964309572754,
2,5845.1014543686215,1078.3821803270596,0.010000002810184146
3,4740.335677782012,970.549941912064,0.010000003462427874
4,30.194712712692866,7.771229096599127,0.010000004266057395
5,29.59378645918584,7.693346015771192,0.010000000000000021
6,0.0005339732715813419,0.03268105775498244,0.010000009831290313
7,5.197144679600198e-06,0.0322401758047322,0.9999999999999999
8,0.049940413858244645,3.1603928191996844,1.0000000000000002
9,1.652773536645744e-29,5.7493887268921795e-15,0.010000000000000002
