Iteration,Function,Gradient,Alpha
1,939.7350904880343,433.493239114358,
2,761.2145062331994,390.14398974704295,0.010000000107371121
3,616.61277484999,351.12967343355103,0.010000000132291947
4,0.15101164836639663,0.5495669104134807,0.0100000001629969
5,0.14800650672852184,0.5440707798228496,0.009999999999999998
6,3.930941300082764e-09,8.866742429975573e-05,0.01000000037563253
7,1.4618234756323934e-12,1.709867524478077e-05,1.0
8,1.4316465722116341e-08,0.0016921268109758407,1.0
9,5.7397230784451885e-40,3.388131802501242e-19,0.01
