Iteration,Function,Gradient,Alpha
1,2717.257738007684,731.5799622713887,
2,2208.8048377173263,658.4338520378774,0.010000010146138705
3,1796.9423441683434,592.6036468280286,0.010000012501057452
4,40.63637109840524,9.01583386352045,0.010000015402552846
5,39.82745721722894,8.924960192356169,0.01000000000000086
6,0.00916136080933952,0.13538546962518708,0.010000035495764082
7,0.0003219364636353064,0.2537465127387198,0.9999999999999981
8,2.9406491033139415,24.251388015179426,1.0
9,7.783371835951755e-24,3.945475152454243e-12,0.010000000000000162
