Iteration,Function,Gradient,Alpha
1,444.9054886555579,296.5216938212866,
2,361.376101502833,266.87328151346657,0.010000007912335246
3,293.71529360039796,240.1901194787926,0.010000009748788249
4,5.206228614179503,3.2270277218020498,0.010000012011481969
5,5.102599677424287,3.194557771412212,0.010000000000000408
6,0.0007186391981700612,0.03791670142598595,0.010000027680913423
7,1.969360900229866e-05,0.06275923677403775,0.9999999999999993
8,0.1826597378721303,6.044166408565044,1.0
9,8.479977263559881e-26,4.1182465354953875e-13,0.010000000000000078
