Iteration,Function,Gradient,Alpha
1,4697.9289722695385,966.7692554073368,
2,3810.015847228098,870.0977239667238,0.01000000348398552
3,3090.796833878532,783.0939329923498,0.010000004292618582
4,24.3701124240947,6.981604592484657,0.010000005288935344
5,23.885095684550116,6.911598322321462,0.010000000000000035
6,0.0006610526903069535,0.036362982907186196,0.01000001218855117
7,7.976692072671384e-06,0.03994168767759165,1.0
8,0.07628949342902429,3.906136030120413,1.0
9,1.1366257955939522e-28,1.507730609620931e-14,0.010000000000000007
