Iteration,Function,Gradient,Alpha
1,515.0174263902136,318.13168134119945,
2,418.8691501915814,286.32446817333573,0.010000011689888337
3,340.9856381060932,257.6986246052627,0.010000014403111341
4,8.853281927425138,4.208290159803817,0.010000017746073465
5,8.677038839288223,4.165822569289827,0.010000000000001312
6,0.0026372181751659106,0.07264016382924127,0.010000040896495577
7,0.00010677401467242578,0.14613282634126104,0.9999999999999958
8,0.965108682594236,13.893226281855744,1.0
9,6.884424941469502e-24,3.710640090730844e-12,0.010000000000000245
