Iteration,Function,Gradient,Alpha
1,470.2806389976429,305.7188875201333,
2,381.4895066756159,275.1490419922971,0.010000004173292007
3,309.56756567878807,247.6364034851479,0.010000005141913113
4,2.919135048051881,2.4163277862863257,0.010000006335351114
5,2.8610368709156972,2.392085646843527,0.010000000000000061
6,0.00011337695510709814,0.015059449404388133,0.010000014600055819
7,1.6387543817266629e-06,0.018103891193479167,1.0
8,0.01559797601593607,1.7662375840150197,1.0
9,8.223159244992159e-29,1.2824320056043641e-14,0.010000000000000012
