Iteration,Function,Gradient,Alpha
1,9.695901272531994,42.685325150967586,
2,7.964907566814727,38.41968781106408,0.01000004237896605
3,6.562580321339151,34.58092919080018,0.01000005221512352
4,0.5775377375585287,1.0750900332131008,0.01000006433425295
5,0.5660298903436977,1.0639829798432738,0.010000000000062608
6,0.00206559038851829,0.06432189054980086,0.010000148260703213
7,0.0003031788914198638,0.24624333145076469,0.9999999999973562
8,0.011642398021382961,1.5259356487993165,1.0
9,6.83461404888252e-18,3.6971919206020816e-09,0.01
