Iteration,Function,Gradient,Alpha
1,13737.311467615917,1657.4612079821004,
2,11127.492552129928,1491.7152683601394,0.010000000068251785
3,9013.53869032982,1342.5439424286296,0.010000000084093005
4,1.4033285135731388,1.6753089073815561,0.010000000103611016
5,1.3754022180542875,1.6585549240554487,0.01
6,1.4762185508039484e-08,0.0001718267776367774,0.01000000023877549
7,3.48959949917243e-12,2.641817366576437e-05,0.9999999999999999
8,3.418507268774913e-08,0.0026147685437816147,1.0
9,8.206745535379361e-47,1.2811514770220859e-23,0.009999999999999998
