Iteration,Function,Gradient,Alpha
1,4511.089494230698,949.8514037955607,
2,3653.982689298144,854.866263648756,0.01000000000015299
3,2959.7261769050315,769.3796375419762,0.010000000000188523
4,0.0010331480795912817,0.04545653048772918,0.01000000000023228
5,0.0010125884327115307,0.04500196512845924,0.010000000000000002
6,5.462624760125634e-17,1.0452391869199196e-08,0.010000000000535265
