Iteration,Function,Gradient,Alpha
1,2485.9707872423437,687.9909823140354,
2,2036.293843801333,619.2284750607561,0.010000033226219446
3,1672.01022725935,557.3462002487115,0.010000040938024674
4,117.64705202932116,15.343167378140786,0.01000005043973972
5,115.30350459680315,15.185750204161451,0.010000000000030172
6,0.2656010869998141,0.7292596504013098,0.010000116240277516
7,0.03056445147557813,2.472425993860196,0.9999999999992167
8,1.845226683695295,19.210552744235628,1.0
9,1.9725828490776617e-16,1.986244118469681e-08,0.009999999999999997
