Iteration,Function,Gradient,Alpha
1,16355.771597147175,1808.5424762979083,
2,13248.486838786663,1627.688420255839,0.010000000066144701
3,10731.5855611363,1464.9197906799357,0.010000000081496872
4,1.6192395284463552,1.799578369708962,0.010000000100412307
5,1.587016596862264,1.7815816550819465,0.009999999999999998
6,1.599805985099007e-08,0.0001788747990698187,0.010000000231403964
7,3.664994249266793e-12,2.707395150053569e-05,1.0
8,3.5903822257630356e-08,0.0026796948429860575,0.9999999999999998
9,7.707961536595837e-47,1.2416087577490614e-23,0.010000000000000002
