Iteration,Function,Gradient,Alpha
1,730.0827166686032,381.76698629711774,
2,591.623851177785,343.5910352158845,0.01000000122265868
3,479.4716566857206,309.2327606413157,0.01000000150643774
4,1.3336834961966506,1.633222734626638,0.010000001856081955
5,1.3071422054972701,1.6168748903346168,0.009999999999999998
6,4.486321447055697e-06,0.002995501075071726,0.010000004277410938
7,1.89979339013357e-08,0.0019492528774551392,1.0000000000000002
8,0.0001846001311242637,0.19214584623366893,1.0
9,1.8262265800775791e-34,2.8822579324917153e-17,0.009999999999999998
