Iteration,Function,Gradient,Alpha
1,1829.9788299126415,594.3078851629564,
2,1494.4306637123111,534.8998075715931,0.010000023869707388
3,1222.6123656148886,481.43500953869045,0.010000029409866298
4,63.07654528843497,11.233824064581144,0.010000036235896034
5,61.820408756918034,11.119389260551513,0.010000000000011187
6,0.07554218845362401,0.3888579970435268,0.010000083506987025
7,0.006245165252900502,1.1176014721626393,0.9999999999998502
8,52.05649897027981,102.03577702970641,1.0
9,5.495707570144996e-20,3.315330328805979e-10,0.010000000000002106
