Iteration,Function,Gradient,Alpha
1,132.68806836335577,158.2626404753073,
2,108.89261288649895,142.44631228957675,0.010000039224645537
3,89.6154648104981,128.21269798079115,0.010000048328685332
4,7.348690622831014,3.834857606581089,0.010000059545772513
5,7.20227683361723,3.795333144058035,0.010000000000049643
6,0.022721937932422193,0.21332190600550438,0.01000013722547103
7,0.0030868056807764692,0.7857233203585615,0.9999999999982039
8,0.13698538175445638,5.234221656644975,1.0
9,4.679575528234733e-17,9.674270544319946e-09,0.010000000000000002
