Iteration,Function,Gradient,Alpha
1,914.2472640320528,423.38139355282283,
2,743.9562510214595,381.0522188673916,0.01000001322364903
3,606.0137019645348,342.9569375524017,0.01000001629285792
4,17.737180257566447,5.956633426404948,0.010000020074430164
5,17.384068095989306,5.896451152400056,0.010000000000001901
6,0.006729821548167662,0.11604253446680395,0.01000004626228129
7,0.00030822210144640724,0.2482829440160589,0.9999999999999921
8,2.757180335593764,23.4826758934912,1.0
9,4.6616889864928725e-23,9.65576406763636e-12,0.01000000000000036
