Iteration,Function,Gradient,Alpha
1,6792.816793289026,1160.557096663248,
2,5513.262822112349,1044.5119960429336,0.010000005708285195
3,4476.801954101361,940.0725605703162,0.01000000703317818
4,57.5385860878529,10.727867647864821,0.010000008665578777
5,56.39336899355675,10.620110074160534,0.010000000000000155
6,0.004161542200225236,0.09124004893606477,0.010000019970153423
7,8.227540552310817e-05,0.12827736006256768,0.9999999999999999
8,0.7748073468742331,12.448352074666214,1.0
9,3.658922419450492e-26,2.705186778388043e-13,0.01000000000000003
