Iteration,Function,Gradient,Alpha
1,7435.745740445845,1219.154156828124,
2,6023.725319095126,1097.239444063517,0.010000000360001527
3,4879.987236033645,987.5162791155769,0.010000000443557863
4,4.004775834154059,2.8301228667883342,0.010000000546507641
5,3.92507992052201,2.8018136699366756,0.009999999999999998
6,1.1710129443552279e-06,0.0015303775303151974,0.010000001259447517
7,1.4600808677637726e-09,0.0005403852084881252,1.0
8,1.4273911821576235e-05,0.05343016343148547,1.0
9,2.6774130338059182e-39,7.317667707413228e-20,0.009999999999999998
