Iteration,Function,Gradient,Alpha
1,41.85916168519102,91.26669076862618,
2,33.946012171781184,82.14050977402647,0.01000000333933412
3,27.536280923596884,73.92700002257517,0.010000004114393526
4,0.20817136321199187,0.6452626072069562,0.010000005069344302
5,0.20402833141312823,0.6387931299148273,0.010000000000000031
6,5.189891350083499e-06,0.003221955200864434,0.010000011682495308
7,6.002450240996282e-08,0.0034648088665888287,1.0
8,0.0005746576307425689,0.339015524937301,1.0
9,6.362775495609624e-31,1.1280758392598987e-15,0.010000000000000004
