Iteration,Function,Gradient,Alpha
1,23643.72163046262,2174.213311129036,
2,19152.877513884567,1956.7927276648072,0.010000000214710134
3,15515.290854932913,1761.1142839581114,0.01000000026454438
4,7.5965162689848365,3.8978304297281503,0.010000000325945098
5,7.44534460585823,3.8588455801854082,0.009999999999999998
6,7.904744787865101e-07,0.001257362649721539,0.010000000751152817
7,5.878294166147984e-10,0.00034287881725612575,0.9999999999999998
8,5.7525833678097475e-06,0.03391926699623607,1.0
9,2.867572888377615e-41,7.573074525419138e-21,0.010000000000000002
