Iteration,Function,Gradient,Alpha
1,3284.562170283803,810.4625403870723,
2,2660.5550859293267,729.4163682330134,0.010000000063084921
3,2155.10922820593,656.4748222107684,0.010000000077726945
4,0.3101345460111021,0.7875720195877631,0.010000000095767372
5,0.30396285667770995,0.7796959108238416,0.009999999999999998
6,2.787222002966039e-09,7.466228170034762e-05,0.010000000220699502
7,6.089871142305625e-13,1.1036186970422008e-05,0.9999999999999999
8,5.96602241374318e-09,0.0010923389962592363,1.0
9,1.434929671290398e-40,1.6940658947672788e-19,0.01
