Iteration,Function,Gradient,Alpha
1,4778.692176900428,976.0246058695409,
2,3873.697789998717,878.4255116834215,0.010000002153653618
3,3140.6464253120384,790.5866934673347,0.010000002653516651
4,15.354720190599572,5.541700496657485,0.010000003269397841
5,15.049141199736543,5.486190153419361,0.010000000000000009
6,0.0001598026120803806,0.017878179567309513,0.010000007534450794
7,1.1919837699904257e-06,0.015440102136905868,1.0
8,0.01150681984496634,1.5170247094208018,1.0
9,5.9129051023909065e-31,1.087465411164043e-15,0.010000000000000005
