Iteration,Function,Gradient,Alpha
1,2431.128496551381,690.4608324038254,
2,1978.2243987526733,621.4292486767554,0.010000013114821776
3,1611.3540679129446,559.3024017557242,0.01000001615877186
4,46.785465253355454,9.674169717065297,0.010000019909222712
5,45.854062305077996,9.576435903396298,0.010000000000001855
6,0.017466028699469064,0.1869440683636903,0.010000045881554535
7,0.0007933512198098323,0.3983343369105486,0.9999999999999926
8,7.102088351489207,37.68842886480997,1.0
9,1.1332919759070646e-22,1.5055178351033008e-11,0.010000000000000349
