Iteration,Function,Gradient,Alpha
1,31320.219711830647,2499.368063735673,
2,25385.712428097755,2249.4385189466043,0.010000001814134924
3,20578.728875685545,2024.5027193213682,0.010000002235195649
4,84.8158127111413,13.024449971102836,0.010000002753984561
5,83.12788470426962,12.894020684353945,0.010000000000000005
6,0.0006269849589004888,0.03541256137269985,0.010000006346661401
7,3.939466125656052e-06,0.02806943578220286,1.0
8,0.03812037893045855,2.761172900434109,1.0
9,5.90024894657551e-31,1.1398318755957224e-15,0.009999999999999998
