Iteration,Function,Gradient,Alpha
1,820.1892557411222,401.2809660841405,
2,667.2126569680687,361.16078670058664,0.01000001232159267
3,543.2958961016197,325.05348714721725,0.010000015181434264
4,14.847037009403993,5.449736534765174,0.0100000187050451
5,14.55147000489896,5.3947140804908065,0.010000000000001539
6,0.004904201409883071,0.09905872429483947,0.010000043106481843
7,0.00020928793751591,0.20459126937184294,0.9999999999999944
8,1.8836265454201224,19.409412899004042,1.0
9,1.942145323745551e-23,6.232407759037515e-12,0.010000000000000292
