Iteration,Function,Gradient,Alpha
1,66.6908973918711,114.743081197713,
2,54.18313534086558,103.27035639490316,0.010000008617031647
3,44.05152122615266,92.94507644971658,0.010000010617044688
4,0.8490075519055537,1.30316431247304,0.010000013081260715
5,0.8321078638902939,1.290044854952473,0.010000000000000528
6,0.00013870059312082338,0.01665787537680899,0.010000030146258884
7,4.139478464394277e-06,0.028773176621270987,0.9999999999999991
8,0.038208634982812954,2.7643673772786768,0.9999999999999999
9,3.2231764110330466e-26,2.5389668808525433e-13,0.010000000000000099
